fecha,producto,cantidad_vendida,precio
01/01/2024,Guantes de látex,71,1221.16
01/01/2024,Focos LED,29,1455.18
01/01/2024,Martillo,37,424.97
02/01/2024,Cemento gris,65,1905.18
02/01/2024,Toma corriente doble,3,1885.53
02/01/2024,Pegamento para PVC,35,2436.96
03/01/2024,Cutter,41,824.47
03/01/2024,Pintura vinílica blanca,40,2476.62
03/01/2024,Taquetes,40,232.55
04/01/2024,Espátula metálica,41,1201.86
04/01/2024,Espátula metálica,22,1201.86
05/01/2024,Codo PVC,62,2375.53
05/01/2024,Llave inglesa,46,540.94
05/01/2024,Cinta masking,61,1062.02
06/01/2024,Pinzas universales,76,631.38
06/01/2024,Cutter,63,824.47
06/01/2024,Trapo industrial,32,1277.03
07/01/2024,Malla ciclónica,65,2155.37
07/01/2024,Multicontacto,45,1732.15
07/01/2024,Focos LED,50,1455.18
08/01/2024,Brocha de 2 pulgadas,10,960.72
08/01/2024,Apagadores,21,1488.6
09/01/2024,Toma corriente doble,97,1885.53
09/01/2024,Cable de cobre calibre 12,72,1782.49
09/01/2024,Cinta aislante,85,1321.73
10/01/2024,Tuercas,74,304.35
10/01/2024,Thinner,17,1185.84
10/01/2024,Trapo industrial,39,1277.03
11/01/2024,Ganchos de pared,72,337.56
11/01/2024,Arena fina,85,1983.01
11/01/2024,Martillo,39,424.97
12/01/2024,Arandelas,13,266.09
12/01/2024,Tuercas,84,304.35
13/01/2024,Pijas,89,322.86
13/01/2024,Malla ciclónica,40,2155.37
13/01/2024,Cubeta plástica de 19 L,30,1267.7
14/01/2024,Desarmador de cruz,37,535.8
14/01/2024,Tuercas,18,304.35
14/01/2024,Remaches,3,405.92
15/01/2024,Pegamento para PVC,84,2436.96
15/01/2024,Silicón sellador,25,1126.67
15/01/2024,Desarmador plano,37,534.85
16/01/2024,Clavos de acero,32,120.12
16/01/2024,Martillo,4,424.97
17/01/2024,Guantes de látex,18,1221.16
17/01/2024,Llave allen,48,567.73
17/01/2024,Codo PVC,44,2375.53
18/01/2024,Pinzas universales,90,631.38
18/01/2024,Pegamento para PVC,36,2436.96
18/01/2024,Martillo,97,424.97
19/01/2024,Extensión eléctrica,99,1548.78
19/01/2024,Trapo industrial,57,1277.03
19/01/2024,Varilla de acero,56,2071.19
20/01/2024,Grapas metálicas,15,401.56
20/01/2024,Ganchos de pared,78,337.56
21/01/2024,Grapas metálicas,61,401.56
21/01/2024,Clavos de acero,72,120.12
21/01/2024,Grapas metálicas,25,401.56
22/01/2024,Martillo,83,424.97
22/01/2024,Guantes de látex,3,1221.16
22/01/2024,Conectores eléctricos,75,1842.62
23/01/2024,Trapo industrial,13,1277.03
23/01/2024,Martillo,30,424.97
24/01/2024,Pintura vinílica blanca,91,2476.62
24/01/2024,Desarmador de cruz,64,535.8
24/01/2024,Desarmador de cruz,67,535.8
25/01/2024,Cepillo de alambre,55,847.24
25/01/2024,Pinzas universales,48,631.38
25/01/2024,Arandelas,18,266.09
26/01/2024,Varilla de acero,55,2071.19
26/01/2024,Extensión eléctrica,91,1548.78
26/01/2024,Silicón sellador,9,1126.67
27/01/2024,Espátula metálica,82,1201.86
27/01/2024,Martillo,17,424.97
28/01/2024,Fusible,74,1892.7
28/01/2024,Cubeta plástica de 19 L,82,1267.7
28/01/2024,Serrucho,88,591.25
29/01/2024,Cemento gris,78,1905.18
29/01/2024,Pintura vinílica blanca,8,2476.62
29/01/2024,Trapo industrial,29,1277.03
30/01/2024,Arandelas,92,266.09
30/01/2024,Espátula metálica,76,1201.86
30/01/2024,Extensión eléctrica,15,1548.78
31/01/2024,Arandelas,41,266.09
31/01/2024,Trapo industrial,64,1277.03
01/02/2024,Yeso,33,2060.65
01/02/2024,Trapo industrial,2,1277.03
01/02/2024,Cutter,65,824.47
02/02/2024,Trapo industrial,97,1277.03
02/02/2024,Martillo,30,424.97
02/02/2024,Desarmador plano,16,534.85
03/02/2024,Pijas,63,322.86
03/02/2024,Grapas metálicas,75,401.56
03/02/2024,Extensión eléctrica,56,1548.78
04/02/2024,Llave allen,74,567.73
04/02/2024,Codo PVC,36,2375.53
05/02/2024,Llave allen,99,567.73
05/02/2024,Rodillo para pintura,30,966.21
05/02/2024,Cinta métrica,97,649.2
06/02/2024,Guantes de látex,66,1221.16
06/02/2024,Guantes de látex,31,1221.16
06/02/2024,Guantes de látex,40,1221.16
07/02/2024,Espátula metálica,39,1201.86
07/02/2024,Desarmador de cruz,99,535.8
07/02/2024,Cutter,7,824.47
08/02/2024,Clavos de acero,59,120.12
08/02/2024,Conectores eléctricos,71,1842.62
09/02/2024,Codo PVC,57,2375.53
09/02/2024,Toma corriente doble,95,1885.53
09/02/2024,Pegamento para PVC,43,2436.96
10/02/2024,Fusible,64,1892.7
10/02/2024,Pinzas universales,40,631.38
10/02/2024,Extensión eléctrica,56,1548.78
11/02/2024,Serrucho,21,591.25
11/02/2024,Cemento gris,32,1905.18
11/02/2024,Focos LED,35,1455.18
12/02/2024,Extensión eléctrica,85,1548.78
12/02/2024,Cinta masking,82,1062.02
13/02/2024,Arandelas,26,266.09
13/02/2024,Extensión eléctrica,15,1548.78
13/02/2024,Martillo,21,424.97
14/02/2024,Cemento gris,75,1905.18
14/02/2024,Extensión eléctrica,96,1548.78
14/02/2024,Ganchos de pared,64,337.56
15/02/2024,Interruptor termomagnético,26,1898.23
15/02/2024,Cinta masking,87,1062.02
16/02/2024,Malla ciclónica,35,2155.37
16/02/2024,Espátula metálica,39,1201.86
16/02/2024,Tornillos para metal,65,113.7
17/02/2024,Ganchos de pared,46,337.56
17/02/2024,Pinzas universales,3,631.38
17/02/2024,Grapas metálicas,30,401.56
18/02/2024,Martillo,54,424.97
18/02/2024,Martillo,72,424.97
18/02/2024,Conectores eléctricos,76,1842.62
19/02/2024,Trapo industrial,7,1277.03
19/02/2024,Taquetes,91,232.55
20/02/2024,Desarmador de cruz,14,535.8
20/02/2024,Pinzas universales,95,631.38
20/02/2024,Cutter,38,824.47
21/02/2024,Llave allen,78,567.73
21/02/2024,Tubo PVC de ½ pulgada,72,2202.06
21/02/2024,Cinta aislante,71,1321.73
22/02/2024,Tubo PVC de ½ pulgada,53,2202.06
22/02/2024,Cinta masking,40,1062.02
22/02/2024,Tornillos para madera,8,94.26
23/02/2024,Multicontacto,69,1732.15
23/02/2024,Tornillos para madera,89,94.26
24/02/2024,Extensión eléctrica,91,1548.78
24/02/2024,Extensión eléctrica,23,1548.78
24/02/2024,Martillo,1,424.97
25/02/2024,Silicón sellador,34,1126.67
25/02/2024,Pegamento para PVC,2,2436.96
25/02/2024,Guantes de látex,16,1221.16
26/02/2024,Cinta aislante,51,1321.73
26/02/2024,Cepillo de alambre,54,847.24
26/02/2024,Apagadores,70,1488.6
27/02/2024,Tornillos para madera,5,94.26
27/02/2024,Tornillos para metal,6,113.7
28/02/2024,Ganchos de pared,21,337.56
28/02/2024,Pegamento para PVC,43,2436.96
28/02/2024,Cal hidratada,95,2005.34
29/02/2024,Guantes de látex,36,1221.16
29/02/2024,Yeso,49,2060.65
29/02/2024,Conectores eléctricos,31,1842.62
01/03/2024,Focos LED,80,1455.18
01/03/2024,Tornillos para madera,81,94.26
01/03/2024,Fusible,68,1892.7
02/03/2024,Pinzas universales,56,631.38
02/03/2024,Cinta métrica,72,649.2
03/03/2024,Pinzas universales,23,631.38
03/03/2024,Cal hidratada,97,2005.34
03/03/2024,Tornillos para metal,71,113.7
04/03/2024,Cinta aislante,99,1321.73
04/03/2024,Desarmador de cruz,96,535.8
04/03/2024,Cable de cobre calibre 12,71,1782.49
05/03/2024,Codo PVC,15,2375.53
05/03/2024,Llave inglesa,28,540.94
06/03/2024,Fusible,46,1892.7
06/03/2024,Serrucho,5,591.25
06/03/2024,Conectores eléctricos,27,1842.62
07/03/2024,Arandelas,41,266.09
07/03/2024,Apagadores,12,1488.6
07/03/2024,Focos LED,34,1455.18
08/03/2024,Cepillo de alambre,51,847.24
08/03/2024,Thinner,93,1185.84
08/03/2024,Tornillos para metal,22,113.7
09/03/2024,Pijas,33,322.86
09/03/2024,Guantes de látex,80,1221.16
10/03/2024,Pinzas universales,63,631.38
10/03/2024,Guantes de látex,19,1221.16
10/03/2024,Multicontacto,98,1732.15
11/03/2024,Cinta aislante,97,1321.73
11/03/2024,Thinner,99,1185.84
11/03/2024,Taquetes,24,232.55
12/03/2024,Fusible,64,1892.7
12/03/2024,Llave inglesa,79,540.94
12/03/2024,Extensión eléctrica,66,1548.78
13/03/2024,Tornillos para madera,41,94.26
13/03/2024,Arandelas,5,266.09
14/03/2024,Cepillo de alambre,30,847.24
14/03/2024,Interruptor termomagnético,59,1898.23
14/03/2024,Extensión eléctrica,45,1548.78
15/03/2024,Espátula metálica,1,1201.86
15/03/2024,Cepillo de alambre,61,847.24
15/03/2024,Cinta masking,99,1062.02
16/03/2024,Tubo PVC de ½ pulgada,41,2202.06
16/03/2024,Varilla de acero,4,2071.19
16/03/2024,Varilla de acero,20,2071.19
17/03/2024,Tuercas,29,304.35
17/03/2024,Silicón sellador,40,1126.67
18/03/2024,Guantes de látex,85,1221.16
18/03/2024,Multicontacto,4,1732.15
18/03/2024,Fusible,92,1892.7
19/03/2024,Arena fina,15,1983.01
19/03/2024,Multicontacto,32,1732.15
19/03/2024,Cemento gris,9,1905.18
20/03/2024,Conectores eléctricos,83,1842.62
20/03/2024,Cutter,14,824.47
20/03/2024,Arandelas,48,266.09
21/03/2024,Pijas,40,322.86
21/03/2024,Arandelas,4,266.09
22/03/2024,Cepillo de alambre,34,847.24
22/03/2024,Yeso,24,2060.65
22/03/2024,Tornillos para metal,70,113.7
23/03/2024,Brocha de 2 pulgadas,18,960.72
23/03/2024,Lija para madera,88,1054.33
23/03/2024,Pijas,24,322.86
24/03/2024,Pijas,78,322.86
24/03/2024,Extensión eléctrica,94,1548.78
24/03/2024,Pintura vinílica blanca,21,2476.62
25/03/2024,Multicontacto,63,1732.15
25/03/2024,Espátula metálica,7,1201.86
26/03/2024,Multicontacto,9,1732.15
26/03/2024,Silicón sellador,8,1126.67
26/03/2024,Codo PVC,20,2375.53
27/03/2024,Grapas metálicas,33,401.56
27/03/2024,Thinner,85,1185.84
27/03/2024,Toma corriente doble,38,1885.53
28/03/2024,Apagadores,43,1488.6
28/03/2024,Desarmador de cruz,93,535.8
29/03/2024,Tuercas,82,304.35
29/03/2024,Trapo industrial,89,1277.03
29/03/2024,Varilla de acero,35,2071.19
30/03/2024,Conectores eléctricos,82,1842.62
30/03/2024,Conectores eléctricos,40,1842.62
30/03/2024,Cinta aislante,53,1321.73
31/03/2024,Pinzas universales,38,631.38
31/03/2024,Extensión eléctrica,89,1548.78
31/03/2024,Grapas metálicas,41,401.56
01/04/2024,Cemento gris,7,1905.18
01/04/2024,Cubeta plástica de 19 L,24,1267.7
02/04/2024,Varilla de acero,91,2071.19
02/04/2024,Cinta aislante,25,1321.73
02/04/2024,Extensión eléctrica,81,1548.78
03/04/2024,Arena fina,23,1983.01
03/04/2024,Taquetes,75,232.55
03/04/2024,Pegamento para PVC,8,2436.96
04/04/2024,Guantes de látex,75,1221.16
04/04/2024,Guantes de látex,46,1221.16
04/04/2024,Pijas,11,322.86
05/04/2024,Clavos de acero,54,120.12
05/04/2024,Lija para madera,14,1054.33
06/04/2024,Tornillos para madera,78,94.26
06/04/2024,Interruptor termomagnético,9,1898.23
06/04/2024,Cinta masking,48,1062.02
07/04/2024,Clavos de acero,53,120.12
07/04/2024,Rodillo para pintura,62,966.21
07/04/2024,Llave inglesa,4,540.94
08/04/2024,Tornillos para metal,68,113.7
08/04/2024,Guantes de látex,63,1221.16
08/04/2024,Llave inglesa,49,540.94
09/04/2024,Cinta masking,78,1062.02
09/04/2024,Serrucho,11,591.25
10/04/2024,Arandelas,46,266.09
10/04/2024,Remaches,78,405.92
10/04/2024,Ganchos de pared,50,337.56
11/04/2024,Cemento gris,24,1905.18
11/04/2024,Silicón sellador,63,1126.67
11/04/2024,Thinner,6,1185.84
12/04/2024,Cepillo de alambre,58,847.24
12/04/2024,Desarmador plano,54,534.85
12/04/2024,Cinta métrica,60,649.2
13/04/2024,Cepillo de alambre,75,847.24
13/04/2024,Cemento gris,39,1905.18
14/04/2024,Arandelas,72,266.09
14/04/2024,Cemento gris,99,1905.18
14/04/2024,Cal hidratada,22,2005.34
15/04/2024,Trapo industrial,85,1277.03
15/04/2024,Rodillo para pintura,9,966.21
15/04/2024,Lija para madera,50,1054.33
16/04/2024,Llave allen,91,567.73
16/04/2024,Taquetes,82,232.55
16/04/2024,Clavos de acero,10,120.12
17/04/2024,Desarmador de cruz,71,535.8
17/04/2024,Remaches,67,405.92
18/04/2024,Desarmador de cruz,83,535.8
18/04/2024,Tornillos para metal,75,113.7
18/04/2024,Pinzas universales,33,631.38
19/04/2024,Cutter,93,824.47
19/04/2024,Conectores eléctricos,3,1842.62
19/04/2024,Taquetes,18,232.55
20/04/2024,Arena fina,47,1983.01
20/04/2024,Cepillo de alambre,74,847.24
21/04/2024,Tornillos para madera,84,94.26
21/04/2024,Cinta métrica,95,649.2
21/04/2024,Brocha de 2 pulgadas,79,960.72
22/04/2024,Grapas metálicas,78,401.56
22/04/2024,Espátula metálica,11,1201.86
22/04/2024,Fusible,52,1892.7
23/04/2024,Varilla de acero,71,2071.19
23/04/2024,Llave inglesa,1,540.94
23/04/2024,Rodillo para pintura,32,966.21
24/04/2024,Tuercas,60,304.35
24/04/2024,Cable de cobre calibre 12,52,1782.49
25/04/2024,Tuercas,5,304.35
25/04/2024,Cinta métrica,64,649.2
25/04/2024,Extensión eléctrica,22,1548.78
26/04/2024,Varilla de acero,65,2071.19
26/04/2024,Martillo,23,424.97
26/04/2024,Apagadores,52,1488.6
27/04/2024,Malla ciclónica,31,2155.37
27/04/2024,Tubo PVC de ½ pulgada,8,2202.06
27/04/2024,Interruptor termomagnético,34,1898.23
28/04/2024,Llave allen,20,567.73
28/04/2024,Desarmador de cruz,17,535.8
29/04/2024,Llave inglesa,27,540.94
29/04/2024,Fusible,66,1892.7
29/04/2024,Cinta aislante,69,1321.73
30/04/2024,Codo PVC,43,2375.53
30/04/2024,Apagadores,87,1488.6
30/04/2024,Cutter,60,824.47
01/05/2024,Cinta aislante,50,1321.73
01/05/2024,Rodillo para pintura,48,966.21
01/05/2024,Pintura vinílica blanca,39,2476.62
02/05/2024,Conectores eléctricos,70,1842.62
02/05/2024,Interruptor termomagnético,56,1898.23
03/05/2024,Thinner,52,1185.84
03/05/2024,Tornillos para madera,56,94.26
03/05/2024,Pijas,44,322.86
04/05/2024,Guantes de látex,86,1221.16
04/05/2024,Tornillos para madera,49,94.26
04/05/2024,Extensión eléctrica,32,1548.78
05/05/2024,Rodillo para pintura,76,966.21
05/05/2024,Clavos de acero,79,120.12
05/05/2024,Tubo PVC de ½ pulgada,87,2202.06
06/05/2024,Martillo,13,424.97
06/05/2024,Arena fina,38,1983.01
07/05/2024,Rodillo para pintura,37,966.21
07/05/2024,Multicontacto,99,1732.15
07/05/2024,Cinta masking,25,1062.02
08/05/2024,Guantes de látex,96,1221.16
08/05/2024,Pintura vinílica blanca,26,2476.62
08/05/2024,Cal hidratada,92,2005.34
09/05/2024,Cinta masking,98,1062.02
09/05/2024,Taquetes,13,232.55
10/05/2024,Cinta métrica,13,649.2
10/05/2024,Arandelas,2,266.09
10/05/2024,Espátula metálica,2,1201.86
11/05/2024,Guantes de látex,38,1221.16
11/05/2024,Codo PVC,86,2375.53
11/05/2024,Cal hidratada,96,2005.34
12/05/2024,Lija para madera,79,1054.33
12/05/2024,Tubo PVC de ½ pulgada,54,2202.06
12/05/2024,Cal hidratada,35,2005.34
13/05/2024,Silicón sellador,26,1126.67
13/05/2024,Cutter,92,824.47
14/05/2024,Trapo industrial,95,1277.03
14/05/2024,Cinta aislante,29,1321.73
14/05/2024,Taquetes,87,232.55
15/05/2024,Rodillo para pintura,90,966.21
15/05/2024,Varilla de acero,90,2071.19
15/05/2024,Cemento gris,83,1905.18
16/05/2024,Espátula metálica,78,1201.86
16/05/2024,Taquetes,86,232.55
16/05/2024,Tornillos para metal,20,113.7
17/05/2024,Rodillo para pintura,16,966.21
17/05/2024,Desarmador plano,60,534.85
18/05/2024,Thinner,63,1185.84
18/05/2024,Extensión eléctrica,58,1548.78
18/05/2024,Codo PVC,6,2375.53
19/05/2024,Cable de cobre calibre 12,66,1782.49
19/05/2024,Desarmador plano,45,534.85
19/05/2024,Cinta métrica,41,649.2
20/05/2024,Apagadores,21,1488.6
20/05/2024,Extensión eléctrica,77,1548.78
20/05/2024,Thinner,35,1185.84
21/05/2024,Toma corriente doble,32,1885.53
21/05/2024,Arandelas,3,266.09
22/05/2024,Fusible,14,1892.7
22/05/2024,Brocha de 2 pulgadas,38,960.72
22/05/2024,Conectores eléctricos,38,1842.62
23/05/2024,Remaches,42,405.92
23/05/2024,Lija para madera,40,1054.33
23/05/2024,Remaches,44,405.92
24/05/2024,Serrucho,99,591.25
24/05/2024,Cepillo de alambre,33,847.24
24/05/2024,Arandelas,57,266.09
25/05/2024,Martillo,92,424.97
25/05/2024,Espátula metálica,99,1201.86
26/05/2024,Pegamento para PVC,30,2436.96
26/05/2024,Taquetes,73,232.55
26/05/2024,Apagadores,45,1488.6
27/05/2024,Trapo industrial,46,1277.03
27/05/2024,Martillo,9,424.97
27/05/2024,Serrucho,50,591.25
28/05/2024,Cable de cobre calibre 12,55,1782.49
28/05/2024,Multicontacto,6,1732.15
28/05/2024,Malla ciclónica,30,2155.37
29/05/2024,Varilla de acero,25,2071.19
29/05/2024,Yeso,95,2060.65
30/05/2024,Pintura vinílica blanca,95,2476.62
30/05/2024,Pijas,38,322.86
30/05/2024,Arandelas,58,266.09
31/05/2024,Varilla de acero,55,2071.19
31/05/2024,Pintura vinílica blanca,8,2476.62
31/05/2024,Clavos de acero,42,120.12
01/06/2024,Interruptor termomagnético,82,1898.23
01/06/2024,Cal hidratada,19,2005.34
02/06/2024,Espátula metálica,94,1201.86
02/06/2024,Cinta masking,99,1062.02
02/06/2024,Pintura vinílica blanca,58,2476.62
03/06/2024,Multicontacto,79,1732.15
03/06/2024,Serrucho,66,591.25
03/06/2024,Martillo,90,424.97
04/06/2024,Grapas metálicas,18,401.56
04/06/2024,Espátula metálica,99,1201.86
04/06/2024,Thinner,13,1185.84
05/06/2024,Extensión eléctrica,32,1548.78
05/06/2024,Extensión eléctrica,55,1548.78
06/06/2024,Silicón sellador,49,1126.67
06/06/2024,Serrucho,3,591.25
06/06/2024,Brocha de 2 pulgadas,96,960.72
07/06/2024,Tornillos para madera,85,94.26
07/06/2024,Focos LED,5,1455.18
07/06/2024,Apagadores,79,1488.6
08/06/2024,Cepillo de alambre,62,847.24
08/06/2024,Cepillo de alambre,4,847.24
08/06/2024,Lija para madera,94,1054.33
09/06/2024,Focos LED,18,1455.18
09/06/2024,Clavos de acero,54,120.12
10/06/2024,Toma corriente doble,27,1885.53
10/06/2024,Guantes de látex,46,1221.16
10/06/2024,Ganchos de pared,63,337.56
11/06/2024,Taquetes,96,232.55
11/06/2024,Guantes de látex,94,1221.16
11/06/2024,Cinta masking,2,1062.02
12/06/2024,Cutter,55,824.47
12/06/2024,Interruptor termomagnético,54,1898.23
12/06/2024,Toma corriente doble,46,1885.53
13/06/2024,Arandelas,87,266.09
13/06/2024,Brocha de 2 pulgadas,99,960.72
14/06/2024,Focos LED,36,1455.18
14/06/2024,Grapas metálicas,19,401.56
14/06/2024,Trapo industrial,6,1277.03
15/06/2024,Focos LED,10,1455.18
15/06/2024,Rodillo para pintura,17,966.21
15/06/2024,Multicontacto,29,1732.15
16/06/2024,Cinta métrica,87,649.2
16/06/2024,Toma corriente doble,25,1885.53
16/06/2024,Tubo PVC de ½ pulgada,42,2202.06
17/06/2024,Interruptor termomagnético,67,1898.23
17/06/2024,Remaches,22,405.92
18/06/2024,Pintura vinílica blanca,94,2476.62
18/06/2024,Multicontacto,21,1732.15
18/06/2024,Cinta masking,8,1062.02
19/06/2024,Desarmador plano,89,534.85
19/06/2024,Apagadores,80,1488.6
19/06/2024,Thinner,87,1185.84
20/06/2024,Remaches,12,405.92
20/06/2024,Silicón sellador,77,1126.67
21/06/2024,Remaches,9,405.92
21/06/2024,Cepillo de alambre,21,847.24
21/06/2024,Clavos de acero,56,120.12
22/06/2024,Cable de cobre calibre 12,34,1782.49
22/06/2024,Multicontacto,79,1732.15
22/06/2024,Pinzas universales,95,631.38
23/06/2024,Pintura vinílica blanca,73,2476.62
23/06/2024,Tubo PVC de ½ pulgada,25,2202.06
23/06/2024,Rodillo para pintura,72,966.21
24/06/2024,Tubo PVC de ½ pulgada,66,2202.06
24/06/2024,Cubeta plástica de 19 L,2,1267.7
25/06/2024,Varilla de acero,69,2071.19
25/06/2024,Interruptor termomagnético,6,1898.23
25/06/2024,Toma corriente doble,73,1885.53
26/06/2024,Codo PVC,25,2375.53
26/06/2024,Thinner,13,1185.84
26/06/2024,Cutter,33,824.47
27/06/2024,Clavos de acero,91,120.12
27/06/2024,Pegamento para PVC,66,2436.96
27/06/2024,Remaches,38,405.92
28/06/2024,Arandelas,76,266.09
28/06/2024,Cepillo de alambre,27,847.24
29/06/2024,Cable de cobre calibre 12,69,1782.49
29/06/2024,Conectores eléctricos,93,1842.62
29/06/2024,Brocha de 2 pulgadas,11,960.72
30/06/2024,Tuercas,92,304.35
30/06/2024,Lija para madera,22,1054.33
30/06/2024,Arandelas,88,266.09
01/07/2024,Trapo industrial,86,1277.03
01/07/2024,Taquetes,85,232.55
01/07/2024,Cinta aislante,77,1321.73
02/07/2024,Remaches,15,405.92
02/07/2024,Cinta aislante,90,1321.73
03/07/2024,Arena fina,28,1983.01
03/07/2024,Llave inglesa,80,540.94
03/07/2024,Pijas,11,322.86
04/07/2024,Tuercas,68,304.35
04/07/2024,Silicón sellador,36,1126.67
04/07/2024,Malla ciclónica,85,2155.37
05/07/2024,Thinner,62,1185.84
05/07/2024,Pijas,96,322.86
05/07/2024,Cinta masking,23,1062.02
06/07/2024,Cepillo de alambre,85,847.24
06/07/2024,Tornillos para madera,11,94.26
07/07/2024,Yeso,71,2060.65
07/07/2024,Fusible,77,1892.7
07/07/2024,Interruptor termomagnético,87,1898.23
08/07/2024,Tornillos para madera,82,94.26
08/07/2024,Cubeta plástica de 19 L,21,1267.7
08/07/2024,Interruptor termomagnético,49,1898.23
09/07/2024,Grapas metálicas,45,401.56
09/07/2024,Remaches,41,405.92
09/07/2024,Trapo industrial,1,1277.03
10/07/2024,Fusible,23,1892.7
10/07/2024,Trapo industrial,14,1277.03
11/07/2024,Cal hidratada,30,2005.34
11/07/2024,Espátula metálica,67,1201.86
11/07/2024,Clavos de acero,72,120.12
12/07/2024,Extensión eléctrica,12,1548.78
12/07/2024,Tuercas,98,304.35
12/07/2024,Conectores eléctricos,13,1842.62
13/07/2024,Tubo PVC de ½ pulgada,38,2202.06
13/07/2024,Varilla de acero,75,2071.19
14/07/2024,Llave inglesa,87,540.94
14/07/2024,Conectores eléctricos,73,1842.62
14/07/2024,Varilla de acero,55,2071.19
15/07/2024,Tuercas,23,304.35
15/07/2024,Tornillos para madera,62,94.26
15/07/2024,Fusible,38,1892.7
16/07/2024,Tubo PVC de ½ pulgada,95,2202.06
16/07/2024,Cinta aislante,33,1321.73
16/07/2024,Yeso,66,2060.65
17/07/2024,Cubeta plástica de 19 L,47,1267.7
17/07/2024,Martillo,34,424.97
18/07/2024,Martillo,88,424.97
18/07/2024,Pintura vinílica blanca,27,2476.62
18/07/2024,Arandelas,72,266.09
19/07/2024,Guantes de látex,91,1221.16
19/07/2024,Cable de cobre calibre 12,10,1782.49
19/07/2024,Yeso,19,2060.65
20/07/2024,Brocha de 2 pulgadas,61,960.72
20/07/2024,Arena fina,37,1983.01
20/07/2024,Tornillos para madera,7,94.26
21/07/2024,Focos LED,72,1455.18
21/07/2024,Martillo,7,424.97
22/07/2024,Lija para madera,41,1054.33
22/07/2024,Lija para madera,14,1054.33
22/07/2024,Desarmador plano,80,534.85
23/07/2024,Thinner,8,1185.84
23/07/2024,Lija para madera,33,1054.33
23/07/2024,Pintura vinílica blanca,71,2476.62
24/07/2024,Focos LED,77,1455.18
24/07/2024,Tornillos para madera,1,94.26
24/07/2024,Pegamento para PVC,7,2436.96
25/07/2024,Codo PVC,97,2375.53
25/07/2024,Apagadores,42,1488.6
26/07/2024,Serrucho,4,591.25
26/07/2024,Cubeta plástica de 19 L,57,1267.7
26/07/2024,Desarmador de cruz,85,535.8
27/07/2024,Ganchos de pared,34,337.56
27/07/2024,Cubeta plástica de 19 L,82,1267.7
27/07/2024,Guantes de látex,29,1221.16
28/07/2024,Tornillos para metal,54,113.7
28/07/2024,Pijas,84,322.86
28/07/2024,Tubo PVC de ½ pulgada,58,2202.06
29/07/2024,Pinzas universales,39,631.38
29/07/2024,Llave inglesa,26,540.94
30/07/2024,Brocha de 2 pulgadas,33,960.72
30/07/2024,Yeso,18,2060.65
30/07/2024,Extensión eléctrica,77,1548.78
31/07/2024,Ganchos de pared,97,337.56
31/07/2024,Interruptor termomagnético,3,1898.23
31/07/2024,Cutter,18,824.47
01/08/2024,Desarmador plano,93,534.85
01/08/2024,Interruptor termomagnético,73,1898.23
01/08/2024,Fusible,99,1892.7
02/08/2024,Cutter,1,824.47
02/08/2024,Malla ciclónica,77,2155.37
03/08/2024,Serrucho,4,591.25
03/08/2024,Arandelas,77,266.09
03/08/2024,Serrucho,63,591.25
04/08/2024,Tubo PVC de ½ pulgada,89,2202.06
04/08/2024,Cutter,31,824.47
04/08/2024,Pinzas universales,27,631.38
05/08/2024,Desarmador plano,15,534.85
05/08/2024,Toma corriente doble,78,1885.53
06/08/2024,Llave inglesa,92,540.94
06/08/2024,Guantes de látex,49,1221.16
06/08/2024,Silicón sellador,40,1126.67
07/08/2024,Conectores eléctricos,33,1842.62
07/08/2024,Conectores eléctricos,69,1842.62
07/08/2024,Tornillos para metal,68,113.7
08/08/2024,Cable de cobre calibre 12,53,1782.49
08/08/2024,Pijas,73,322.86
08/08/2024,Thinner,54,1185.84
09/08/2024,Extensión eléctrica,49,1548.78
09/08/2024,Multicontacto,24,1732.15
10/08/2024,Rodillo para pintura,85,966.21
10/08/2024,Cinta masking,85,1062.02
10/08/2024,Toma corriente doble,18,1885.53
11/08/2024,Codo PVC,6,2375.53
11/08/2024,Multicontacto,82,1732.15
11/08/2024,Cal hidratada,56,2005.34
12/08/2024,Multicontacto,57,1732.15
12/08/2024,Varilla de acero,49,2071.19
12/08/2024,Yeso,24,2060.65
13/08/2024,Tornillos para metal,38,113.7
13/08/2024,Interruptor termomagnético,60,1898.23
14/08/2024,Pegamento para PVC,86,2436.96
14/08/2024,Tubo PVC de ½ pulgada,11,2202.06
14/08/2024,Tuercas,3,304.35
15/08/2024,Grapas metálicas,6,401.56
15/08/2024,Thinner,31,1185.84
15/08/2024,Toma corriente doble,19,1885.53
16/08/2024,Extensión eléctrica,35,1548.78
16/08/2024,Cinta masking,5,1062.02
16/08/2024,Lija para madera,37,1054.33
17/08/2024,Desarmador plano,56,534.85
17/08/2024,Cepillo de alambre,89,847.24
18/08/2024,Pinzas universales,20,631.38
18/08/2024,Serrucho,23,591.25
18/08/2024,Cemento gris,28,1905.18
19/08/2024,Arandelas,62,266.09
19/08/2024,Rodillo para pintura,29,966.21
19/08/2024,Arena fina,64,1983.01
20/08/2024,Cemento gris,8,1905.18
20/08/2024,Tubo PVC de ½ pulgada,96,2202.06
20/08/2024,Tubo PVC de ½ pulgada,12,2202.06
21/08/2024,Cepillo de alambre,64,847.24
21/08/2024,Serrucho,36,591.25
22/08/2024,Tubo PVC de ½ pulgada,55,2202.06
22/08/2024,Extensión eléctrica,49,1548.78
22/08/2024,Tornillos para madera,15,94.26
23/08/2024,Tubo PVC de ½ pulgada,27,2202.06
23/08/2024,Cinta masking,51,1062.02
23/08/2024,Clavos de acero,79,120.12
24/08/2024,Focos LED,23,1455.18
24/08/2024,Cubeta plástica de 19 L,41,1267.7
25/08/2024,Lija para madera,79,1054.33
25/08/2024,Pijas,40,322.86
25/08/2024,Pinzas universales,29,631.38
26/08/2024,Interruptor termomagnético,93,1898.23
26/08/2024,Guantes de látex,11,1221.16
26/08/2024,Pegamento para PVC,3,2436.96
27/08/2024,Trapo industrial,7,1277.03
27/08/2024,Focos LED,5,1455.18
27/08/2024,Llave inglesa,25,540.94
28/08/2024,Varilla de acero,27,2071.19
28/08/2024,Cable de cobre calibre 12,32,1782.49
29/08/2024,Cinta aislante,75,1321.73
29/08/2024,Serrucho,71,591.25
29/08/2024,Silicón sellador,54,1126.67
30/08/2024,Tuercas,42,304.35
30/08/2024,Arena fina,83,1983.01
30/08/2024,Arandelas,98,266.09
31/08/2024,Pijas,45,322.86
31/08/2024,Lija para madera,46,1054.33
31/08/2024,Arandelas,51,266.09
01/09/2024,Pijas,30,322.86
01/09/2024,Conectores eléctricos,94,1842.62
02/09/2024,Cubeta plástica de 19 L,13,1267.7
02/09/2024,Arena fina,81,1983.01
02/09/2024,Pintura vinílica blanca,28,2476.62
03/09/2024,Tornillos para madera,39,94.26
03/09/2024,Cinta métrica,84,649.2
03/09/2024,Thinner,40,1185.84
04/09/2024,Tornillos para madera,95,94.26
04/09/2024,Espátula metálica,31,1201.86
04/09/2024,Cal hidratada,23,2005.34
05/09/2024,Toma corriente doble,90,1885.53
05/09/2024,Pinzas universales,3,631.38
06/09/2024,Multicontacto,80,1732.15
06/09/2024,Apagadores,36,1488.6
06/09/2024,Trapo industrial,87,1277.03
07/09/2024,Arandelas,26,266.09
07/09/2024,Cemento gris,11,1905.18
07/09/2024,Malla ciclónica,70,2155.37
08/09/2024,Pintura vinílica blanca,25,2476.62
08/09/2024,Guantes de látex,72,1221.16
08/09/2024,Remaches,68,405.92
09/09/2024,Brocha de 2 pulgadas,56,960.72
09/09/2024,Cubeta plástica de 19 L,45,1267.7
10/09/2024,Interruptor termomagnético,40,1898.23
10/09/2024,Tuercas,68,304.35
10/09/2024,Tubo PVC de ½ pulgada,44,2202.06
11/09/2024,Cubeta plástica de 19 L,51,1267.7
11/09/2024,Pintura vinílica blanca,60,2476.62
11/09/2024,Cubeta plástica de 19 L,18,1267.7
12/09/2024,Clavos de acero,14,120.12
12/09/2024,Pijas,98,322.86
12/09/2024,Codo PVC,11,2375.53
13/09/2024,Extensión eléctrica,32,1548.78
13/09/2024,Cepillo de alambre,43,847.24
14/09/2024,Guantes de látex,15,1221.16
14/09/2024,Cable de cobre calibre 12,56,1782.49
14/09/2024,Conectores eléctricos,70,1842.62
15/09/2024,Taquetes,1,232.55
15/09/2024,Espátula metálica,75,1201.86
15/09/2024,Cutter,33,824.47
16/09/2024,Pegamento para PVC,77,2436.96
16/09/2024,Cemento gris,90,1905.18
17/09/2024,Toma corriente doble,72,1885.53
17/09/2024,Llave allen,49,567.73
17/09/2024,Trapo industrial,70,1277.03
18/09/2024,Cinta masking,25,1062.02
18/09/2024,Tubo PVC de ½ pulgada,26,2202.06
18/09/2024,Extensión eléctrica,56,1548.78
19/09/2024,Martillo,53,424.97
19/09/2024,Grapas metálicas,37,401.56
19/09/2024,Pijas,69,322.86
20/09/2024,Apagadores,46,1488.6
20/09/2024,Lija para madera,2,1054.33
21/09/2024,Llave allen,14,567.73
21/09/2024,Cal hidratada,10,2005.34
21/09/2024,Cinta aislante,61,1321.73
22/09/2024,Cemento gris,32,1905.18
22/09/2024,Apagadores,95,1488.6
22/09/2024,Cubeta plástica de 19 L,55,1267.7
23/09/2024,Pijas,61,322.86
23/09/2024,Focos LED,1,1455.18
23/09/2024,Extensión eléctrica,55,1548.78
24/09/2024,Martillo,30,424.97
24/09/2024,Martillo,40,424.97
25/09/2024,Tubo PVC de ½ pulgada,74,2202.06
25/09/2024,Arena fina,23,1983.01
25/09/2024,Tornillos para metal,54,113.7
26/09/2024,Arena fina,79,1983.01
26/09/2024,Conectores eléctricos,96,1842.62
26/09/2024,Malla ciclónica,45,2155.37
27/09/2024,Yeso,45,2060.65
27/09/2024,Lija para madera,15,1054.33
27/09/2024,Cinta métrica,15,649.2
28/09/2024,Pinzas universales,94,631.38
28/09/2024,Tuercas,19,304.35
29/09/2024,Trapo industrial,61,1277.03
29/09/2024,Tubo PVC de ½ pulgada,80,2202.06
29/09/2024,Tubo PVC de ½ pulgada,4,2202.06
30/09/2024,Llave allen,5,567.73
30/09/2024,Varilla de acero,94,2071.19
30/09/2024,Clavos de acero,65,120.12
01/10/2024,Clavos de acero,93,120.12
01/10/2024,Multicontacto,67,1732.15
01/10/2024,Cinta aislante,84,1321.73
02/10/2024,Tubo PVC de ½ pulgada,79,2202.06
02/10/2024,Codo PVC,4,2375.53
03/10/2024,Arena fina,67,1983.01
03/10/2024,Cinta masking,61,1062.02
03/10/2024,Llave allen,39,567.73
04/10/2024,Llave inglesa,25,540.94
04/10/2024,Pintura vinílica blanca,64,2476.62
04/10/2024,Pinzas universales,9,631.38
05/10/2024,Pinzas universales,88,631.38
05/10/2024,Pegamento para PVC,77,2436.96
05/10/2024,Arandelas,58,266.09
06/10/2024,Espátula metálica,98,1201.86
06/10/2024,Cinta métrica,38,649.2
07/10/2024,Thinner,24,1185.84
07/10/2024,Ganchos de pared,52,337.56
07/10/2024,Pegamento para PVC,52,2436.96
08/10/2024,Taquetes,94,232.55
08/10/2024,Tubo PVC de ½ pulgada,68,2202.06
08/10/2024,Arena fina,59,1983.01
09/10/2024,Lija para madera,15,1054.33
09/10/2024,Llave inglesa,94,540.94
10/10/2024,Fusible,96,1892.7
10/10/2024,Thinner,85,1185.84
10/10/2024,Taquetes,75,232.55
11/10/2024,Toma corriente doble,94,1885.53
11/10/2024,Toma corriente doble,13,1885.53
11/10/2024,Arandelas,17,266.09
12/10/2024,Lija para madera,32,1054.33
12/10/2024,Pijas,36,322.86
12/10/2024,Guantes de látex,92,1221.16
13/10/2024,Cinta aislante,47,1321.73
13/10/2024,Rodillo para pintura,79,966.21
14/10/2024,Yeso,22,2060.65
14/10/2024,Guantes de látex,47,1221.16
14/10/2024,Tubo PVC de ½ pulgada,53,2202.06
15/10/2024,Llave allen,25,567.73
15/10/2024,Yeso,46,2060.65
15/10/2024,Serrucho,2,591.25
16/10/2024,Desarmador plano,47,534.85
16/10/2024,Conectores eléctricos,74,1842.62
16/10/2024,Extensión eléctrica,94,1548.78
17/10/2024,Cable de cobre calibre 12,34,1782.49
17/10/2024,Extensión eléctrica,6,1548.78
18/10/2024,Trapo industrial,47,1277.03
18/10/2024,Toma corriente doble,45,1885.53
18/10/2024,Taquetes,10,232.55
19/10/2024,Cutter,69,824.47
19/10/2024,Pegamento para PVC,88,2436.96
19/10/2024,Clavos de acero,71,120.12
20/10/2024,Cemento gris,1,1905.18
20/10/2024,Ganchos de pared,99,337.56
20/10/2024,Cinta aislante,98,1321.73
21/10/2024,Grapas metálicas,24,401.56
21/10/2024,Varilla de acero,18,2071.19
22/10/2024,Desarmador de cruz,65,535.8
22/10/2024,Arena fina,32,1983.01
22/10/2024,Cinta masking,55,1062.02
23/10/2024,Extensión eléctrica,91,1548.78
23/10/2024,Yeso,30,2060.65
23/10/2024,Cinta masking,35,1062.02
24/10/2024,Cinta métrica,58,649.2
24/10/2024,Martillo,89,424.97
24/10/2024,Ganchos de pared,23,337.56
25/10/2024,Grapas metálicas,40,401.56
25/10/2024,Cutter,92,824.47
26/10/2024,Toma corriente doble,23,1885.53
26/10/2024,Martillo,47,424.97
26/10/2024,Desarmador de cruz,89,535.8
27/10/2024,Tuercas,64,304.35
27/10/2024,Cinta métrica,46,649.2
27/10/2024,Cemento gris,48,1905.18
28/10/2024,Llave allen,81,567.73
28/10/2024,Guantes de látex,91,1221.16
29/10/2024,Pegamento para PVC,31,2436.96
29/10/2024,Extensión eléctrica,69,1548.78
29/10/2024,Grapas metálicas,73,401.56
30/10/2024,Malla ciclónica,36,2155.37
30/10/2024,Martillo,45,424.97
30/10/2024,Arandelas,59,266.09
31/10/2024,Remaches,53,405.92
31/10/2024,Rodillo para pintura,78,966.21
31/10/2024,Grapas metálicas,28,401.56
01/11/2024,Remaches,98,405.92
01/11/2024,Serrucho,81,591.25
02/11/2024,Varilla de acero,51,2071.19
02/11/2024,Grapas metálicas,27,401.56
02/11/2024,Guantes de látex,2,1221.16
03/11/2024,Cemento gris,60,1905.18
03/11/2024,Cepillo de alambre,84,847.24
03/11/2024,Yeso,39,2060.65
04/11/2024,Varilla de acero,75,2071.19
04/11/2024,Multicontacto,69,1732.15
04/11/2024,Silicón sellador,1,1126.67
05/11/2024,Arandelas,62,266.09
05/11/2024,Tuercas,36,304.35
06/11/2024,Pintura vinílica blanca,33,2476.62
06/11/2024,Tornillos para madera,33,94.26
06/11/2024,Interruptor termomagnético,63,1898.23
07/11/2024,Extensión eléctrica,36,1548.78
07/11/2024,Fusible,27,1892.7
07/11/2024,Extensión eléctrica,93,1548.78
08/11/2024,Toma corriente doble,68,1885.53
08/11/2024,Focos LED,29,1455.18
08/11/2024,Tuercas,70,304.35
09/11/2024,Focos LED,74,1455.18
09/11/2024,Cinta métrica,73,649.2
10/11/2024,Tornillos para metal,12,113.7
10/11/2024,Tuercas,35,304.35
10/11/2024,Tornillos para madera,55,94.26
11/11/2024,Extensión eléctrica,43,1548.78
11/11/2024,Desarmador de cruz,36,535.8
11/11/2024,Serrucho,30,591.25
12/11/2024,Codo PVC,56,2375.53
12/11/2024,Pintura vinílica blanca,8,2476.62
12/11/2024,Taquetes,20,232.55
13/11/2024,Arena fina,62,1983.01
13/11/2024,Cable de cobre calibre 12,34,1782.49
14/11/2024,Tubo PVC de ½ pulgada,15,2202.06
14/11/2024,Guantes de látex,87,1221.16
14/11/2024,Cepillo de alambre,55,847.24
15/11/2024,Multicontacto,24,1732.15
15/11/2024,Cal hidratada,99,2005.34
15/11/2024,Desarmador plano,37,534.85
16/11/2024,Cepillo de alambre,63,847.24
16/11/2024,Extensión eléctrica,59,1548.78
16/11/2024,Desarmador plano,66,534.85
17/11/2024,Extensión eléctrica,96,1548.78
17/11/2024,Ganchos de pared,52,337.56
18/11/2024,Desarmador de cruz,53,535.8
18/11/2024,Pinzas universales,92,631.38
18/11/2024,Cable de cobre calibre 12,11,1782.49
19/11/2024,Thinner,99,1185.84
19/11/2024,Llave inglesa,46,540.94
19/11/2024,Silicón sellador,15,1126.67
20/11/2024,Toma corriente doble,97,1885.53
20/11/2024,Martillo,1,424.97
21/11/2024,Martillo,49,424.97
21/11/2024,Pijas,65,322.86
21/11/2024,Cutter,14,824.47
22/11/2024,Cutter,21,824.47
22/11/2024,Cepillo de alambre,31,847.24
22/11/2024,Apagadores,29,1488.6
23/11/2024,Arandelas,48,266.09
23/11/2024,Llave allen,59,567.73
23/11/2024,Toma corriente doble,91,1885.53
24/11/2024,Ganchos de pared,95,337.56
24/11/2024,Ganchos de pared,99,337.56
25/11/2024,Cutter,28,824.47
25/11/2024,Interruptor termomagnético,42,1898.23
25/11/2024,Yeso,17,2060.65
26/11/2024,Taquetes,83,232.55
26/11/2024,Martillo,17,424.97
26/11/2024,Extensión eléctrica,15,1548.78
27/11/2024,Serrucho,42,591.25
27/11/2024,Desarmador plano,36,534.85
27/11/2024,Remaches,12,405.92
28/11/2024,Focos LED,71,1455.18
28/11/2024,Pintura vinílica blanca,56,2476.62
29/11/2024,Cable de cobre calibre 12,18,1782.49
29/11/2024,Tubo PVC de ½ pulgada,85,2202.06
29/11/2024,Cemento gris,14,1905.18
30/11/2024,Cutter,53,824.47
30/11/2024,Codo PVC,10,2375.53
30/11/2024,Taquetes,75,232.55
01/12/2024,Rodillo para pintura,79,966.21
01/12/2024,Cinta masking,89,1062.02
01/12/2024,Cutter,24,824.47
02/12/2024,Arandelas,38,266.09
02/12/2024,Remaches,63,405.92
03/12/2024,Cable de cobre calibre 12,49,1782.49
03/12/2024,Pinzas universales,2,631.38
03/12/2024,Varilla de acero,38,2071.19
04/12/2024,Llave inglesa,19,540.94
04/12/2024,Cubeta plástica de 19 L,33,1267.7
04/12/2024,Cemento gris,53,1905.18
05/12/2024,Focos LED,4,1455.18
05/12/2024,Cinta aislante,76,1321.73
05/12/2024,Silicón sellador,58,1126.67
06/12/2024,Rodillo para pintura,46,966.21
06/12/2024,Espátula metálica,83,1201.86
07/12/2024,Malla ciclónica,73,2155.37
07/12/2024,Cutter,31,824.47
07/12/2024,Pegamento para PVC,37,2436.96
08/12/2024,Tornillos para metal,45,113.7
08/12/2024,Llave inglesa,26,540.94
08/12/2024,Brocha de 2 pulgadas,14,960.72
09/12/2024,Pegamento para PVC,94,2436.96
09/12/2024,Tornillos para madera,23,94.26
10/12/2024,Silicón sellador,84,1126.67
10/12/2024,Cemento gris,85,1905.18
10/12/2024,Tornillos para metal,2,113.7
11/12/2024,Arandelas,56,266.09
11/12/2024,Varilla de acero,81,2071.19
11/12/2024,Fusible,42,1892.7
12/12/2024,Extensión eléctrica,8,1548.78
12/12/2024,Llave allen,96,567.73
12/12/2024,Cemento gris,8,1905.18
13/12/2024,Desarmador de cruz,83,535.8
13/12/2024,Malla ciclónica,70,2155.37
14/12/2024,Brocha de 2 pulgadas,1,960.72
14/12/2024,Taquetes,84,232.55
14/12/2024,Espátula metálica,86,1201.86
15/12/2024,Arena fina,33,1983.01
15/12/2024,Cutter,2,824.47
15/12/2024,Cinta masking,50,1062.02
16/12/2024,Tornillos para madera,43,94.26
16/12/2024,Pegamento para PVC,94,2436.96
16/12/2024,Thinner,71,1185.84
17/12/2024,Toma corriente doble,71,1885.53
17/12/2024,Silicón sellador,16,1126.67
18/12/2024,Silicón sellador,89,1126.67
18/12/2024,Arandelas,71,266.09
18/12/2024,Thinner,35,1185.84
19/12/2024,Desarmador de cruz,26,535.8
19/12/2024,Grapas metálicas,55,401.56
19/12/2024,Pijas,91,322.86
20/12/2024,Rodillo para pintura,11,966.21
20/12/2024,Pegamento para PVC,88,2436.96
20/12/2024,Malla ciclónica,83,2155.37
21/12/2024,Cutter,98,824.47
21/12/2024,Apagadores,7,1488.6
22/12/2024,Lija para madera,47,1054.33
22/12/2024,Cinta aislante,54,1321.73
22/12/2024,Pintura vinílica blanca,31,2476.62
23/12/2024,Varilla de acero,16,2071.19
23/12/2024,Llave inglesa,13,540.94
23/12/2024,Fusible,53,1892.7
24/12/2024,Cable de cobre calibre 12,70,1782.49
24/12/2024,Tornillos para madera,55,94.26
24/12/2024,Multicontacto,2,1732.15
25/12/2024,Codo PVC,36,2375.53
25/12/2024,Llave allen,10,567.73
26/12/2024,Cemento gris,56,1905.18
26/12/2024,Cable de cobre calibre 12,49,1782.49
26/12/2024,Fusible,33,1892.7
27/12/2024,Malla ciclónica,54,2155.37
27/12/2024,Cutter,63,824.47
27/12/2024,Grapas metálicas,69,401.56
28/12/2024,Arandelas,17,266.09
28/12/2024,Tornillos para metal,41,113.7
28/12/2024,Apagadores,94,1488.6
29/12/2024,Codo PVC,15,2375.53
29/12/2024,Llave inglesa,15,540.94
30/12/2024,Cepillo de alambre,84,847.24
30/12/2024,Cubeta plástica de 19 L,75,1267.7
30/12/2024,Yeso,17,2060.65
31/12/2024,Focos LED,81,1455.18
31/12/2024,Desarmador plano,39,534.85
31/12/2024,Taquetes,15,232.55
01/01/2025,Desarmador de cruz,17,535.8
01/01/2025,Cinta métrica,50,649.2
02/01/2025,Apagadores,81,1488.6
02/01/2025,Tornillos para madera,77,94.26
02/01/2025,Silicón sellador,28,1126.67
03/01/2025,Serrucho,80,591.25
03/01/2025,Clavos de acero,71,120.12
03/01/2025,Cutter,39,824.47
04/01/2025,Cinta métrica,46,649.2
04/01/2025,Silicón sellador,15,1126.67
04/01/2025,Yeso,9,2060.65
05/01/2025,Cinta aislante,26,1321.73
05/01/2025,Brocha de 2 pulgadas,31,960.72
06/01/2025,Remaches,21,405.92
06/01/2025,Tornillos para madera,31,94.26
06/01/2025,Yeso,79,2060.65
07/01/2025,Lija para madera,69,1054.33
07/01/2025,Yeso,65,2060.65
07/01/2025,Llave allen,11,567.73
08/01/2025,Pinzas universales,50,631.38
08/01/2025,Ganchos de pared,9,337.56
08/01/2025,Toma corriente doble,82,1885.53
09/01/2025,Fusible,62,1892.7
09/01/2025,Pijas,57,322.86
10/01/2025,Pegamento para PVC,80,2436.96
10/01/2025,Cinta métrica,44,649.2
10/01/2025,Cinta métrica,55,649.2
11/01/2025,Fusible,5,1892.7
11/01/2025,Silicón sellador,34,1126.67
11/01/2025,Trapo industrial,94,1277.03
12/01/2025,Arena fina,9,1983.01
12/01/2025,Martillo,41,424.97
12/01/2025,Cutter,11,824.47
13/01/2025,Multicontacto,40,1732.15
13/01/2025,Conectores eléctricos,75,1842.62
14/01/2025,Focos LED,30,1455.18
14/01/2025,Cinta masking,60,1062.02
14/01/2025,Cemento gris,89,1905.18
15/01/2025,Trapo industrial,15,1277.03
15/01/2025,Pinzas universales,9,631.38
15/01/2025,Cutter,84,824.47
16/01/2025,Yeso,11,2060.65
16/01/2025,Pinzas universales,24,631.38
16/01/2025,Cinta masking,68,1062.02
17/01/2025,Multicontacto,6,1732.15
17/01/2025,Multicontacto,79,1732.15
18/01/2025,Arandelas,88,266.09
18/01/2025,Rodillo para pintura,63,966.21
18/01/2025,Pijas,95,322.86
19/01/2025,Grapas metálicas,66,401.56
19/01/2025,Desarmador plano,32,534.85
19/01/2025,Cinta masking,59,1062.02
20/01/2025,Desarmador plano,19,534.85
20/01/2025,Cubeta plástica de 19 L,59,1267.7
20/01/2025,Silicón sellador,90,1126.67
21/01/2025,Llave allen,6,567.73
21/01/2025,Yeso,30,2060.65
22/01/2025,Varilla de acero,67,2071.19
22/01/2025,Tuercas,88,304.35
22/01/2025,Rodillo para pintura,1,966.21
23/01/2025,Pinzas universales,62,631.38
23/01/2025,Varilla de acero,65,2071.19
23/01/2025,Fusible,19,1892.7
24/01/2025,Varilla de acero,95,2071.19
24/01/2025,Desarmador de cruz,91,535.8
25/01/2025,Focos LED,84,1455.18
25/01/2025,Toma corriente doble,69,1885.53
25/01/2025,Ganchos de pared,2,337.56
26/01/2025,Tornillos para madera,63,94.26
26/01/2025,Trapo industrial,6,1277.03
26/01/2025,Silicón sellador,41,1126.67
27/01/2025,Cepillo de alambre,4,847.24
27/01/2025,Cepillo de alambre,55,847.24
27/01/2025,Rodillo para pintura,11,966.21
28/01/2025,Cal hidratada,54,2005.34
28/01/2025,Malla ciclónica,27,2155.37
29/01/2025,Varilla de acero,29,2071.19
29/01/2025,Tuercas,18,304.35
29/01/2025,Extensión eléctrica,17,1548.78
30/01/2025,Malla ciclónica,26,2155.37
30/01/2025,Desarmador plano,63,534.85
30/01/2025,Pijas,65,322.86
31/01/2025,Tubo PVC de ½ pulgada,72,2202.06
31/01/2025,Lija para madera,11,1054.33
31/01/2025,Lija para madera,2,1054.33
01/02/2025,Cinta masking,36,1062.02
01/02/2025,Yeso,84,2060.65
02/02/2025,Tornillos para metal,83,113.7
02/02/2025,Pijas,32,322.86
02/02/2025,Espátula metálica,97,1201.86
03/02/2025,Clavos de acero,78,120.12
03/02/2025,Desarmador plano,45,534.85
03/02/2025,Lija para madera,43,1054.33
04/02/2025,Serrucho,90,591.25
04/02/2025,Pintura vinílica blanca,37,2476.62
04/02/2025,Desarmador plano,33,534.85
05/02/2025,Tornillos para madera,54,94.26
05/02/2025,Arena fina,65,1983.01
06/02/2025,Malla ciclónica,76,2155.37
06/02/2025,Cinta aislante,86,1321.73
06/02/2025,Brocha de 2 pulgadas,57,960.72
07/02/2025,Focos LED,11,1455.18
07/02/2025,Conectores eléctricos,20,1842.62
07/02/2025,Yeso,53,2060.65
08/02/2025,Llave inglesa,34,540.94
08/02/2025,Pinzas universales,68,631.38
08/02/2025,Serrucho,48,591.25
09/02/2025,Taquetes,35,232.55
09/02/2025,Thinner,65,1185.84
10/02/2025,Espátula metálica,93,1201.86
10/02/2025,Tornillos para metal,34,113.7
10/02/2025,Extensión eléctrica,6,1548.78
11/02/2025,Malla ciclónica,32,2155.37
11/02/2025,Clavos de acero,37,120.12
11/02/2025,Ganchos de pared,81,337.56
12/02/2025,Codo PVC,54,2375.53
12/02/2025,Cinta aislante,69,1321.73
13/02/2025,Rodillo para pintura,99,966.21
13/02/2025,Llave allen,75,567.73
13/02/2025,Guantes de látex,67,1221.16
14/02/2025,Cubeta plástica de 19 L,12,1267.7
14/02/2025,Pijas,66,322.86
14/02/2025,Focos LED,80,1455.18
15/02/2025,Cinta masking,21,1062.02
15/02/2025,Yeso,25,2060.65
15/02/2025,Varilla de acero,89,2071.19
16/02/2025,Toma corriente doble,22,1885.53
16/02/2025,Clavos de acero,33,120.12
17/02/2025,Multicontacto,19,1732.15
17/02/2025,Martillo,31,424.97
17/02/2025,Codo PVC,84,2375.53
18/02/2025,Extensión eléctrica,89,1548.78
18/02/2025,Cinta aislante,17,1321.73
18/02/2025,Fusible,29,1892.7
19/02/2025,Pintura vinílica blanca,32,2476.62
19/02/2025,Taquetes,76,232.55
19/02/2025,Pintura vinílica blanca,36,2476.62
20/02/2025,Cutter,66,824.47
20/02/2025,Remaches,64,405.92
21/02/2025,Clavos de acero,88,120.12
21/02/2025,Interruptor termomagnético,86,1898.23
21/02/2025,Extensión eléctrica,7,1548.78
22/02/2025,Cinta aislante,3,1321.73
22/02/2025,Cepillo de alambre,23,847.24
22/02/2025,Pinzas universales,52,631.38
23/02/2025,Yeso,88,2060.65
23/02/2025,Thinner,66,1185.84
23/02/2025,Multicontacto,95,1732.15
24/02/2025,Martillo,60,424.97
24/02/2025,Cinta aislante,60,1321.73
25/02/2025,Cemento gris,32,1905.18
25/02/2025,Pegamento para PVC,99,2436.96
25/02/2025,Tornillos para madera,77,94.26
26/02/2025,Ganchos de pared,72,337.56
26/02/2025,Serrucho,11,591.25
26/02/2025,Cepillo de alambre,30,847.24
27/02/2025,Extensión eléctrica,96,1548.78
27/02/2025,Rodillo para pintura,12,966.21
27/02/2025,Toma corriente doble,38,1885.53
28/02/2025,Multicontacto,23,1732.15
28/02/2025,Guantes de látex,85,1221.16
01/03/2025,Llave inglesa,64,540.94
01/03/2025,Cal hidratada,71,2005.34
01/03/2025,Interruptor termomagnético,84,1898.23
02/03/2025,Arena fina,27,1983.01
02/03/2025,Tubo PVC de ½ pulgada,53,2202.06
02/03/2025,Varilla de acero,57,2071.19
03/03/2025,Cinta métrica,86,649.2
03/03/2025,Arena fina,46,1983.01
03/03/2025,Serrucho,92,591.25
04/03/2025,Ganchos de pared,76,337.56
04/03/2025,Pintura vinílica blanca,82,2476.62
05/03/2025,Yeso,74,2060.65
05/03/2025,Arena fina,72,1983.01
05/03/2025,Trapo industrial,87,1277.03
06/03/2025,Cepillo de alambre,7,847.24
06/03/2025,Tubo PVC de ½ pulgada,29,2202.06
06/03/2025,Varilla de acero,90,2071.19
07/03/2025,Malla ciclónica,25,2155.37
07/03/2025,Rodillo para pintura,39,966.21
08/03/2025,Serrucho,55,591.25
08/03/2025,Cal hidratada,71,2005.34
08/03/2025,Remaches,28,405.92
09/03/2025,Cable de cobre calibre 12,68,1782.49
09/03/2025,Cutter,99,824.47
09/03/2025,Remaches,6,405.92
10/03/2025,Toma corriente doble,52,1885.53
10/03/2025,Tuercas,69,304.35
10/03/2025,Cubeta plástica de 19 L,60,1267.7
11/03/2025,Focos LED,96,1455.18
11/03/2025,Pinzas universales,54,631.38
12/03/2025,Remaches,25,405.92
12/03/2025,Malla ciclónica,32,2155.37
12/03/2025,Taquetes,18,232.55
13/03/2025,Guantes de látex,17,1221.16
13/03/2025,Desarmador de cruz,26,535.8
13/03/2025,Guantes de látex,8,1221.16
14/03/2025,Yeso,98,2060.65
14/03/2025,Thinner,64,1185.84
14/03/2025,Thinner,79,1185.84
15/03/2025,Tuercas,16,304.35
15/03/2025,Tornillos para metal,88,113.7
16/03/2025,Pegamento para PVC,7,2436.96
16/03/2025,Grapas metálicas,69,401.56
16/03/2025,Cutter,84,824.47
17/03/2025,Martillo,54,424.97
17/03/2025,Codo PVC,57,2375.53
17/03/2025,Desarmador plano,13,534.85
18/03/2025,Taquetes,53,232.55
18/03/2025,Guantes de látex,75,1221.16
18/03/2025,Conectores eléctricos,9,1842.62
19/03/2025,Llave inglesa,96,540.94
19/03/2025,Pintura vinílica blanca,4,2476.62
20/03/2025,Rodillo para pintura,34,966.21
20/03/2025,Silicón sellador,48,1126.67
20/03/2025,Taquetes,68,232.55
21/03/2025,Cinta masking,99,1062.02
21/03/2025,Remaches,74,405.92
21/03/2025,Interruptor termomagnético,14,1898.23
22/03/2025,Guantes de látex,49,1221.16
22/03/2025,Varilla de acero,27,2071.19
22/03/2025,Arandelas,46,266.09
23/03/2025,Cinta masking,43,1062.02
23/03/2025,Tuercas,16,304.35
24/03/2025,Tuercas,66,304.35
24/03/2025,Cinta masking,59,1062.02
24/03/2025,Martillo,81,424.97
25/03/2025,Yeso,14,2060.65
25/03/2025,Toma corriente doble,76,1885.53
25/03/2025,Espátula metálica,62,1201.86
26/03/2025,Apagadores,8,1488.6
26/03/2025,Tornillos para metal,16,113.7
27/03/2025,Conectores eléctricos,64,1842.62
27/03/2025,Fusible,13,1892.7
27/03/2025,Ganchos de pared,7,337.56
28/03/2025,Clavos de acero,98,120.12
28/03/2025,Arena fina,67,1983.01
28/03/2025,Codo PVC,9,2375.53
29/03/2025,Lija para madera,80,1054.33
29/03/2025,Tornillos para madera,39,94.26
29/03/2025,Pinzas universales,77,631.38
30/03/2025,Arandelas,9,266.09
30/03/2025,Yeso,25,2060.65
31/03/2025,Cinta aislante,11,1321.73
31/03/2025,Silicón sellador,36,1126.67
31/03/2025,Ganchos de pared,44,337.56
01/04/2025,Focos LED,92,1455.18
01/04/2025,Taquetes,72,232.55
01/04/2025,Malla ciclónica,85,2155.37
02/04/2025,Cutter,4,824.47
02/04/2025,Taquetes,49,232.55
02/04/2025,Cinta métrica,39,649.2
03/04/2025,Serrucho,13,591.25
03/04/2025,Tornillos para madera,34,94.26
04/04/2025,Focos LED,23,1455.18
04/04/2025,Multicontacto,17,1732.15
04/04/2025,Cubeta plástica de 19 L,4,1267.7
05/04/2025,Fusible,79,1892.7
05/04/2025,Interruptor termomagnético,85,1898.23
05/04/2025,Conectores eléctricos,31,1842.62
06/04/2025,Llave allen,16,567.73
06/04/2025,Cinta aislante,51,1321.73
06/04/2025,Cinta masking,99,1062.02
07/04/2025,Cubeta plástica de 19 L,1,1267.7
07/04/2025,Martillo,8,424.97
08/04/2025,Clavos de acero,26,120.12
08/04/2025,Cinta masking,85,1062.02
08/04/2025,Llave inglesa,61,540.94
09/04/2025,Silicón sellador,67,1126.67
09/04/2025,Remaches,87,405.92
09/04/2025,Apagadores,70,1488.6
10/04/2025,Extensión eléctrica,98,1548.78
10/04/2025,Llave allen,31,567.73
10/04/2025,Focos LED,77,1455.18
11/04/2025,Serrucho,41,591.25
11/04/2025,Tubo PVC de ½ pulgada,81,2202.06
12/04/2025,Cinta métrica,88,649.2
12/04/2025,Cable de cobre calibre 12,90,1782.49
12/04/2025,Ganchos de pared,66,337.56
13/04/2025,Cubeta plástica de 19 L,69,1267.7
13/04/2025,Extensión eléctrica,7,1548.78
13/04/2025,Desarmador de cruz,78,535.8
14/04/2025,Lija para madera,27,1054.33
14/04/2025,Ganchos de pared,7,337.56
14/04/2025,Varilla de acero,60,2071.19
15/04/2025,Llave allen,47,567.73
15/04/2025,Desarmador plano,85,534.85
16/04/2025,Cepillo de alambre,41,847.24
16/04/2025,Arena fina,62,1983.01
16/04/2025,Desarmador de cruz,10,535.8
17/04/2025,Silicón sellador,15,1126.67
17/04/2025,Tornillos para metal,52,113.7
17/04/2025,Tornillos para metal,25,113.7
18/04/2025,Thinner,36,1185.84
18/04/2025,Pintura vinílica blanca,53,2476.62
19/04/2025,Fusible,91,1892.7
19/04/2025,Toma corriente doble,27,1885.53
19/04/2025,Arena fina,17,1983.01
20/04/2025,Cinta aislante,91,1321.73
20/04/2025,Multicontacto,21,1732.15
20/04/2025,Fusible,42,1892.7
21/04/2025,Focos LED,3,1455.18
21/04/2025,Silicón sellador,66,1126.67
21/04/2025,Interruptor termomagnético,60,1898.23
22/04/2025,Guantes de látex,79,1221.16
22/04/2025,Conectores eléctricos,82,1842.62
23/04/2025,Fusible,59,1892.7
23/04/2025,Cemento gris,82,1905.18
23/04/2025,Cable de cobre calibre 12,36,1782.49
24/04/2025,Remaches,96,405.92
24/04/2025,Pegamento para PVC,61,2436.96
24/04/2025,Llave inglesa,85,540.94
25/04/2025,Clavos de acero,26,120.12
25/04/2025,Brocha de 2 pulgadas,60,960.72
25/04/2025,Cubeta plástica de 19 L,58,1267.7
26/04/2025,Arandelas,46,266.09
26/04/2025,Toma corriente doble,13,1885.53
27/04/2025,Focos LED,60,1455.18
27/04/2025,Interruptor termomagnético,28,1898.23
27/04/2025,Pinzas universales,77,631.38
28/04/2025,Cinta aislante,73,1321.73
28/04/2025,Apagadores,81,1488.6
28/04/2025,Silicón sellador,10,1126.67
29/04/2025,Cinta aislante,70,1321.73
29/04/2025,Cubeta plástica de 19 L,67,1267.7
29/04/2025,Remaches,60,405.92
30/04/2025,Tornillos para madera,26,94.26
30/04/2025,Brocha de 2 pulgadas,98,960.72
01/05/2025,Desarmador de cruz,85,535.8
01/05/2025,Tornillos para madera,79,94.26
01/05/2025,Cutter,7,824.47
02/05/2025,Cal hidratada,10,2005.34
02/05/2025,Ganchos de pared,18,337.56
02/05/2025,Trapo industrial,62,1277.03
03/05/2025,Conectores eléctricos,53,1842.62
03/05/2025,Cepillo de alambre,78,847.24
03/05/2025,Pinzas universales,39,631.38
04/05/2025,Llave allen,48,567.73
04/05/2025,Rodillo para pintura,21,966.21
05/05/2025,Lija para madera,29,1054.33
05/05/2025,Cable de cobre calibre 12,44,1782.49
05/05/2025,Extensión eléctrica,64,1548.78
06/05/2025,Cepillo de alambre,94,847.24
06/05/2025,Clavos de acero,97,120.12
06/05/2025,Clavos de acero,44,120.12
07/05/2025,Arandelas,45,266.09
07/05/2025,Rodillo para pintura,17,966.21
07/05/2025,Toma corriente doble,37,1885.53
08/05/2025,Arandelas,52,266.09
08/05/2025,Serrucho,67,591.25
09/05/2025,Varilla de acero,50,2071.19
09/05/2025,Cinta masking,59,1062.02
09/05/2025,Cepillo de alambre,51,847.24
10/05/2025,Llave allen,9,567.73
10/05/2025,Yeso,84,2060.65
10/05/2025,Llave allen,55,567.73
11/05/2025,Desarmador plano,2,534.85
11/05/2025,Taquetes,21,232.55
12/05/2025,Brocha de 2 pulgadas,6,960.72
12/05/2025,Multicontacto,85,1732.15
12/05/2025,Tuercas,63,304.35
13/05/2025,Tornillos para madera,42,94.26
13/05/2025,Focos LED,8,1455.18
13/05/2025,Desarmador plano,24,534.85
14/05/2025,Multicontacto,43,1732.15
14/05/2025,Cal hidratada,86,2005.34
14/05/2025,Thinner,91,1185.84
15/05/2025,Tubo PVC de ½ pulgada,16,2202.06
15/05/2025,Cubeta plástica de 19 L,17,1267.7
16/05/2025,Pijas,27,322.86
16/05/2025,Clavos de acero,78,120.12
16/05/2025,Cubeta plástica de 19 L,79,1267.7
17/05/2025,Rodillo para pintura,88,966.21
17/05/2025,Interruptor termomagnético,73,1898.23
17/05/2025,Cinta aislante,89,1321.73
18/05/2025,Yeso,80,2060.65
18/05/2025,Desarmador plano,17,534.85
18/05/2025,Cutter,8,824.47
19/05/2025,Tuercas,72,304.35
19/05/2025,Cal hidratada,53,2005.34
20/05/2025,Cable de cobre calibre 12,20,1782.49
20/05/2025,Fusible,54,1892.7
20/05/2025,Focos LED,61,1455.18
21/05/2025,Tornillos para madera,62,94.26
21/05/2025,Tuercas,28,304.35
21/05/2025,Llave inglesa,77,540.94
22/05/2025,Cal hidratada,86,2005.34
22/05/2025,Cubeta plástica de 19 L,91,1267.7
22/05/2025,Remaches,50,405.92
23/05/2025,Cinta masking,23,1062.02
23/05/2025,Cubeta plástica de 19 L,59,1267.7
24/05/2025,Pegamento para PVC,44,2436.96
24/05/2025,Multicontacto,8,1732.15
24/05/2025,Cubeta plástica de 19 L,15,1267.7
25/05/2025,Trapo industrial,31,1277.03
25/05/2025,Llave inglesa,43,540.94
25/05/2025,Interruptor termomagnético,10,1898.23
26/05/2025,Grapas metálicas,31,401.56
26/05/2025,Lija para madera,48,1054.33
26/05/2025,Ganchos de pared,49,337.56
27/05/2025,Guantes de látex,78,1221.16
27/05/2025,Cinta aislante,58,1321.73
28/05/2025,Fusible,24,1892.7
28/05/2025,Pegamento para PVC,46,2436.96
28/05/2025,Taquetes,21,232.55
29/05/2025,Desarmador de cruz,5,535.8
29/05/2025,Cable de cobre calibre 12,63,1782.49
29/05/2025,Ganchos de pared,31,337.56
30/05/2025,Cemento gris,30,1905.18
30/05/2025,Tuercas,2,304.35
31/05/2025,Malla ciclónica,13,2155.37
31/05/2025,Thinner,12,1185.84
31/05/2025,Yeso,40,2060.65
01/06/2025,Cinta aislante,17,1321.73
01/06/2025,Espátula metálica,10,1201.86
01/06/2025,Lija para madera,69,1054.33
02/06/2025,Conectores eléctricos,93,1842.62
02/06/2025,Pinzas universales,24,631.38
02/06/2025,Ganchos de pared,3,337.56
03/06/2025,Arandelas,18,266.09
03/06/2025,Serrucho,81,591.25
04/06/2025,Cable de cobre calibre 12,86,1782.49
04/06/2025,Cinta métrica,69,649.2
04/06/2025,Pintura vinílica blanca,71,2476.62
05/06/2025,Trapo industrial,97,1277.03
05/06/2025,Pijas,99,322.86
05/06/2025,Cal hidratada,67,2005.34
06/06/2025,Silicón sellador,82,1126.67
06/06/2025,Llave inglesa,44,540.94
06/06/2025,Malla ciclónica,14,2155.37
07/06/2025,Apagadores,35,1488.6
07/06/2025,Cinta métrica,53,649.2
08/06/2025,Arandelas,58,266.09
08/06/2025,Trapo industrial,37,1277.03
08/06/2025,Varilla de acero,2,2071.19
09/06/2025,Trapo industrial,7,1277.03
09/06/2025,Fusible,26,1892.7
09/06/2025,Taquetes,9,232.55
10/06/2025,Codo PVC,44,2375.53
10/06/2025,Pijas,2,322.86
10/06/2025,Tubo PVC de ½ pulgada,96,2202.06
11/06/2025,Silicón sellador,54,1126.67
11/06/2025,Fusible,12,1892.7
12/06/2025,Llave inglesa,93,540.94
12/06/2025,Interruptor termomagnético,8,1898.23
12/06/2025,Arena fina,63,1983.01
13/06/2025,Lija para madera,95,1054.33
13/06/2025,Interruptor termomagnético,9,1898.23
13/06/2025,Grapas metálicas,43,401.56
14/06/2025,Malla ciclónica,4,2155.37
14/06/2025,Focos LED,28,1455.18
14/06/2025,Brocha de 2 pulgadas,11,960.72
15/06/2025,Grapas metálicas,19,401.56
15/06/2025,Arena fina,85,1983.01
16/06/2025,Trapo industrial,32,1277.03
16/06/2025,Brocha de 2 pulgadas,99,960.72
16/06/2025,Arandelas,85,266.09
17/06/2025,Cinta métrica,18,649.2
17/06/2025,Ganchos de pared,38,337.56
17/06/2025,Pegamento para PVC,82,2436.96
18/06/2025,Lija para madera,32,1054.33
18/06/2025,Cable de cobre calibre 12,44,1782.49
18/06/2025,Ganchos de pared,20,337.56
19/06/2025,Thinner,95,1185.84
19/06/2025,Desarmador plano,50,534.85
20/06/2025,Fusible,77,1892.7
20/06/2025,Cinta masking,30,1062.02
20/06/2025,Cinta métrica,7,649.2
21/06/2025,Arandelas,43,266.09
21/06/2025,Codo PVC,86,2375.53
21/06/2025,Pintura vinílica blanca,98,2476.62
22/06/2025,Pintura vinílica blanca,28,2476.62
22/06/2025,Fusible,50,1892.7
23/06/2025,Ganchos de pared,10,337.56
23/06/2025,Interruptor termomagnético,60,1898.23
23/06/2025,Lija para madera,68,1054.33
24/06/2025,Clavos de acero,96,120.12
24/06/2025,Focos LED,5,1455.18
24/06/2025,Fusible,64,1892.7
25/06/2025,Cal hidratada,18,2005.34
25/06/2025,Apagadores,45,1488.6
25/06/2025,Taquetes,79,232.55
26/06/2025,Codo PVC,20,2375.53
26/06/2025,Thinner,39,1185.84
27/06/2025,Cable de cobre calibre 12,48,1782.49
27/06/2025,Toma corriente doble,22,1885.53
27/06/2025,Arandelas,81,266.09
28/06/2025,Tubo PVC de ½ pulgada,81,2202.06
28/06/2025,Extensión eléctrica,47,1548.78
28/06/2025,Lija para madera,48,1054.33
29/06/2025,Llave inglesa,57,540.94
29/06/2025,Arandelas,78,266.09
29/06/2025,Fusible,30,1892.7
30/06/2025,Multicontacto,74,1732.15
30/06/2025,Apagadores,62,1488.6
01/07/2025,Cemento gris,33,1905.18
01/07/2025,Fusible,2,1892.7
01/07/2025,Silicón sellador,71,1126.67
02/07/2025,Codo PVC,37,2375.53
02/07/2025,Brocha de 2 pulgadas,41,960.72
02/07/2025,Extensión eléctrica,43,1548.78
03/07/2025,Brocha de 2 pulgadas,83,960.72
03/07/2025,Ganchos de pared,35,337.56
03/07/2025,Llave allen,1,567.73
04/07/2025,Guantes de látex,44,1221.16
04/07/2025,Llave allen,30,567.73
05/07/2025,Clavos de acero,17,120.12
05/07/2025,Lija para madera,45,1054.33
05/07/2025,Varilla de acero,12,2071.19
06/07/2025,Cepillo de alambre,52,847.24
06/07/2025,Ganchos de pared,91,337.56
06/07/2025,Codo PVC,35,2375.53
07/07/2025,Codo PVC,72,2375.53
07/07/2025,Cutter,8,824.47
07/07/2025,Clavos de acero,63,120.12
08/07/2025,Conectores eléctricos,81,1842.62
08/07/2025,Toma corriente doble,43,1885.53
09/07/2025,Espátula metálica,73,1201.86
09/07/2025,Trapo industrial,34,1277.03
09/07/2025,Fusible,38,1892.7
10/07/2025,Pegamento para PVC,68,2436.96
10/07/2025,Cutter,75,824.47
10/07/2025,Cinta aislante,64,1321.73
11/07/2025,Apagadores,68,1488.6
11/07/2025,Focos LED,52,1455.18
11/07/2025,Toma corriente doble,7,1885.53
12/07/2025,Malla ciclónica,56,2155.37
12/07/2025,Llave inglesa,23,540.94
13/07/2025,Conectores eléctricos,85,1842.62
13/07/2025,Varilla de acero,47,2071.19
13/07/2025,Codo PVC,68,2375.53
14/07/2025,Clavos de acero,49,120.12
14/07/2025,Multicontacto,90,1732.15
14/07/2025,Pegamento para PVC,57,2436.96
15/07/2025,Cepillo de alambre,10,847.24
15/07/2025,Yeso,57,2060.65
16/07/2025,Toma corriente doble,26,1885.53
16/07/2025,Taquetes,50,232.55
16/07/2025,Focos LED,66,1455.18
17/07/2025,Toma corriente doble,78,1885.53
17/07/2025,Cubeta plástica de 19 L,47,1267.7
17/07/2025,Tubo PVC de ½ pulgada,72,2202.06
18/07/2025,Remaches,65,405.92
18/07/2025,Martillo,14,424.97
18/07/2025,Cubeta plástica de 19 L,40,1267.7
19/07/2025,Tornillos para madera,61,94.26
19/07/2025,Codo PVC,98,2375.53
20/07/2025,Lija para madera,11,1054.33
20/07/2025,Tuercas,90,304.35
20/07/2025,Trapo industrial,24,1277.03
21/07/2025,Lija para madera,16,1054.33
21/07/2025,Toma corriente doble,65,1885.53
21/07/2025,Remaches,85,405.92
22/07/2025,Cinta aislante,78,1321.73
22/07/2025,Llave allen,82,567.73
22/07/2025,Pinzas universales,50,631.38
23/07/2025,Varilla de acero,99,2071.19
23/07/2025,Pintura vinílica blanca,91,2476.62
24/07/2025,Interruptor termomagnético,52,1898.23
24/07/2025,Focos LED,95,1455.18
24/07/2025,Guantes de látex,5,1221.16
25/07/2025,Tuercas,7,304.35
25/07/2025,Martillo,85,424.97
25/07/2025,Cutter,50,824.47
26/07/2025,Malla ciclónica,22,2155.37
26/07/2025,Tornillos para madera,75,94.26
26/07/2025,Trapo industrial,3,1277.03
27/07/2025,Grapas metálicas,48,401.56
27/07/2025,Extensión eléctrica,14,1548.78
28/07/2025,Guantes de látex,71,1221.16
28/07/2025,Extensión eléctrica,37,1548.78
28/07/2025,Cubeta plástica de 19 L,68,1267.7
29/07/2025,Yeso,40,2060.65
29/07/2025,Arandelas,42,266.09
29/07/2025,Cubeta plástica de 19 L,76,1267.7
30/07/2025,Grapas metálicas,23,401.56
30/07/2025,Grapas metálicas,78,401.56
30/07/2025,Cepillo de alambre,38,847.24
31/07/2025,Cal hidratada,53,2005.34
31/07/2025,Espátula metálica,45,1201.86
01/08/2025,Tubo PVC de ½ pulgada,61,2202.06
01/08/2025,Cable de cobre calibre 12,56,1782.49
01/08/2025,Remaches,44,405.92
02/08/2025,Silicón sellador,70,1126.67
02/08/2025,Arena fina,43,1983.01
02/08/2025,Pijas,71,322.86
03/08/2025,Serrucho,95,591.25
03/08/2025,Cinta métrica,96,649.2
04/08/2025,Varilla de acero,54,2071.19
04/08/2025,Rodillo para pintura,97,966.21
04/08/2025,Varilla de acero,33,2071.19
05/08/2025,Lija para madera,25,1054.33
05/08/2025,Cable de cobre calibre 12,79,1782.49
05/08/2025,Rodillo para pintura,8,966.21
06/08/2025,Clavos de acero,3,120.12
06/08/2025,Desarmador de cruz,71,535.8
06/08/2025,Extensión eléctrica,61,1548.78
07/08/2025,Fusible,77,1892.7
07/08/2025,Cinta métrica,83,649.2
08/08/2025,Apagadores,34,1488.6
08/08/2025,Cemento gris,25,1905.18
08/08/2025,Cutter,70,824.47
09/08/2025,Multicontacto,40,1732.15
09/08/2025,Fusible,93,1892.7
09/08/2025,Toma corriente doble,14,1885.53
10/08/2025,Taquetes,87,232.55
10/08/2025,Conectores eléctricos,57,1842.62
10/08/2025,Pegamento para PVC,46,2436.96
11/08/2025,Focos LED,94,1455.18
11/08/2025,Ganchos de pared,14,337.56
12/08/2025,Cable de cobre calibre 12,50,1782.49
12/08/2025,Ganchos de pared,25,337.56
12/08/2025,Desarmador plano,77,534.85
13/08/2025,Toma corriente doble,75,1885.53
13/08/2025,Cubeta plástica de 19 L,44,1267.7
13/08/2025,Cal hidratada,75,2005.34
14/08/2025,Desarmador plano,77,534.85
14/08/2025,Ganchos de pared,21,337.56
14/08/2025,Interruptor termomagnético,34,1898.23
15/08/2025,Tuercas,74,304.35
15/08/2025,Apagadores,31,1488.6
16/08/2025,Llave inglesa,70,540.94
16/08/2025,Desarmador de cruz,85,535.8
16/08/2025,Apagadores,91,1488.6
17/08/2025,Interruptor termomagnético,3,1898.23
17/08/2025,Cemento gris,52,1905.18
17/08/2025,Llave allen,33,567.73
18/08/2025,Desarmador plano,42,534.85
18/08/2025,Apagadores,46,1488.6
18/08/2025,Brocha de 2 pulgadas,19,960.72
19/08/2025,Desarmador de cruz,93,535.8
19/08/2025,Extensión eléctrica,50,1548.78
20/08/2025,Desarmador plano,66,534.85
20/08/2025,Tuercas,3,304.35
20/08/2025,Arena fina,27,1983.01
21/08/2025,Extensión eléctrica,55,1548.78
21/08/2025,Toma corriente doble,80,1885.53
21/08/2025,Pijas,83,322.86
22/08/2025,Thinner,14,1185.84
22/08/2025,Desarmador plano,86,534.85
22/08/2025,Ganchos de pared,16,337.56
23/08/2025,Apagadores,17,1488.6
23/08/2025,Cinta métrica,42,649.2
24/08/2025,Thinner,47,1185.84
24/08/2025,Codo PVC,19,2375.53
24/08/2025,Pijas,27,322.86
25/08/2025,Serrucho,64,591.25
25/08/2025,Pinzas universales,12,631.38
25/08/2025,Ganchos de pared,75,337.56
26/08/2025,Cemento gris,27,1905.18
26/08/2025,Fusible,69,1892.7
27/08/2025,Cable de cobre calibre 12,37,1782.49
27/08/2025,Trapo industrial,34,1277.03
27/08/2025,Pegamento para PVC,87,2436.96
28/08/2025,Codo PVC,18,2375.53
28/08/2025,Arandelas,28,266.09
28/08/2025,Malla ciclónica,71,2155.37
29/08/2025,Cutter,52,824.47
29/08/2025,Cubeta plástica de 19 L,65,1267.7
29/08/2025,Llave allen,84,567.73
30/08/2025,Silicón sellador,50,1126.67
30/08/2025,Apagadores,93,1488.6
31/08/2025,Fusible,72,1892.7
31/08/2025,Cable de cobre calibre 12,76,1782.49
31/08/2025,Codo PVC,58,2375.53
01/09/2025,Tubo PVC de ½ pulgada,88,2202.06
01/09/2025,Interruptor termomagnético,17,1898.23
01/09/2025,Yeso,50,2060.65
02/09/2025,Espátula metálica,44,1201.86
02/09/2025,Toma corriente doble,16,1885.53
02/09/2025,Espátula metálica,63,1201.86
03/09/2025,Tuercas,80,304.35
03/09/2025,Varilla de acero,32,2071.19
04/09/2025,Yeso,97,2060.65
04/09/2025,Cable de cobre calibre 12,65,1782.49
04/09/2025,Taquetes,87,232.55
05/09/2025,Cubeta plástica de 19 L,55,1267.7
05/09/2025,Arandelas,41,266.09
05/09/2025,Martillo,74,424.97
06/09/2025,Lija para madera,81,1054.33
06/09/2025,Cinta masking,44,1062.02
06/09/2025,Interruptor termomagnético,43,1898.23
07/09/2025,Ganchos de pared,42,337.56
07/09/2025,Desarmador de cruz,6,535.8
08/09/2025,Cinta aislante,96,1321.73
08/09/2025,Espátula metálica,86,1201.86
08/09/2025,Guantes de látex,38,1221.16
09/09/2025,Pintura vinílica blanca,81,2476.62
09/09/2025,Pegamento para PVC,28,2436.96
09/09/2025,Fusible,10,1892.7
10/09/2025,Extensión eléctrica,69,1548.78
10/09/2025,Extensión eléctrica,25,1548.78
10/09/2025,Conectores eléctricos,65,1842.62
11/09/2025,Llave allen,20,567.73
11/09/2025,Cinta aislante,21,1321.73
12/09/2025,Trapo industrial,56,1277.03
12/09/2025,Yeso,44,2060.65
12/09/2025,Conectores eléctricos,79,1842.62
13/09/2025,Thinner,11,1185.84
13/09/2025,Thinner,4,1185.84
13/09/2025,Extensión eléctrica,43,1548.78
14/09/2025,Guantes de látex,20,1221.16
14/09/2025,Cinta masking,68,1062.02
15/09/2025,Taquetes,57,232.55
15/09/2025,Interruptor termomagnético,58,1898.23
15/09/2025,Grapas metálicas,54,401.56
16/09/2025,Grapas metálicas,1,401.56
16/09/2025,Cable de cobre calibre 12,95,1782.49
16/09/2025,Cal hidratada,88,2005.34
17/09/2025,Focos LED,3,1455.18
17/09/2025,Desarmador de cruz,65,535.8
17/09/2025,Silicón sellador,52,1126.67
18/09/2025,Taquetes,64,232.55
18/09/2025,Lija para madera,41,1054.33
19/09/2025,Yeso,36,2060.65
19/09/2025,Apagadores,36,1488.6
19/09/2025,Cinta métrica,28,649.2
20/09/2025,Brocha de 2 pulgadas,95,960.72
20/09/2025,Varilla de acero,27,2071.19
20/09/2025,Pijas,15,322.86
21/09/2025,Cemento gris,82,1905.18
21/09/2025,Tubo PVC de ½ pulgada,58,2202.06
21/09/2025,Llave allen,4,567.73
22/09/2025,Interruptor termomagnético,20,1898.23
22/09/2025,Grapas metálicas,52,401.56
23/09/2025,Apagadores,33,1488.6
23/09/2025,Martillo,65,424.97
23/09/2025,Cinta aislante,28,1321.73
24/09/2025,Pinzas universales,2,631.38
24/09/2025,Remaches,36,405.92
24/09/2025,Clavos de acero,32,120.12
25/09/2025,Arandelas,59,266.09
25/09/2025,Cable de cobre calibre 12,62,1782.49
25/09/2025,Cemento gris,98,1905.18
26/09/2025,Codo PVC,78,2375.53
26/09/2025,Cinta masking,26,1062.02
27/09/2025,Silicón sellador,89,1126.67
27/09/2025,Cutter,49,824.47
27/09/2025,Pegamento para PVC,32,2436.96
28/09/2025,Espátula metálica,88,1201.86
28/09/2025,Llave inglesa,66,540.94
28/09/2025,Cemento gris,68,1905.18
29/09/2025,Cepillo de alambre,65,847.24
29/09/2025,Llave allen,69,567.73
29/09/2025,Cinta métrica,51,649.2
30/09/2025,Cemento gris,54,1905.18
30/09/2025,Multicontacto,95,1732.15
01/10/2025,Cepillo de alambre,27,847.24
01/10/2025,Serrucho,77,591.25
01/10/2025,Serrucho,71,591.25
02/10/2025,Guantes de látex,78,1221.16
02/10/2025,Llave inglesa,7,540.94
02/10/2025,Brocha de 2 pulgadas,7,960.72
03/10/2025,Extensión eléctrica,69,1548.78
03/10/2025,Cutter,46,824.47
03/10/2025,Codo PVC,7,2375.53
04/10/2025,Pinzas universales,24,631.38
04/10/2025,Arena fina,26,1983.01
05/10/2025,Arena fina,12,1983.01
05/10/2025,Remaches,83,405.92
05/10/2025,Taquetes,89,232.55
06/10/2025,Pinzas universales,8,631.38
06/10/2025,Toma corriente doble,51,1885.53
06/10/2025,Cutter,99,824.47
07/10/2025,Silicón sellador,60,1126.67
07/10/2025,Pinzas universales,32,631.38
08/10/2025,Pintura vinílica blanca,3,2476.62
08/10/2025,Rodillo para pintura,99,966.21
08/10/2025,Malla ciclónica,44,2155.37
09/10/2025,Tubo PVC de ½ pulgada,42,2202.06
09/10/2025,Desarmador de cruz,1,535.8
09/10/2025,Ganchos de pared,67,337.56
10/10/2025,Codo PVC,69,2375.53
10/10/2025,Clavos de acero,70,120.12
10/10/2025,Pijas,34,322.86
11/10/2025,Cal hidratada,33,2005.34
11/10/2025,Focos LED,96,1455.18
12/10/2025,Serrucho,48,591.25
12/10/2025,Cal hidratada,12,2005.34
12/10/2025,Desarmador de cruz,54,535.8
13/10/2025,Ganchos de pared,86,337.56
13/10/2025,Fusible,8,1892.7
13/10/2025,Malla ciclónica,44,2155.37
14/10/2025,Tubo PVC de ½ pulgada,43,2202.06
14/10/2025,Cepillo de alambre,83,847.24
14/10/2025,Rodillo para pintura,9,966.21
15/10/2025,Espátula metálica,85,1201.86
15/10/2025,Tornillos para metal,60,113.7
16/10/2025,Martillo,49,424.97
16/10/2025,Varilla de acero,24,2071.19
16/10/2025,Fusible,69,1892.7
17/10/2025,Thinner,34,1185.84
17/10/2025,Lija para madera,46,1054.33
17/10/2025,Llave inglesa,21,540.94
18/10/2025,Interruptor termomagnético,87,1898.23
18/10/2025,Codo PVC,26,2375.53
18/10/2025,Extensión eléctrica,25,1548.78
19/10/2025,Brocha de 2 pulgadas,17,960.72
19/10/2025,Silicón sellador,1,1126.67
20/10/2025,Llave allen,86,567.73
20/10/2025,Interruptor termomagnético,47,1898.23
20/10/2025,Cinta métrica,98,649.2
21/10/2025,Brocha de 2 pulgadas,21,960.72
21/10/2025,Serrucho,96,591.25
21/10/2025,Varilla de acero,78,2071.19
22/10/2025,Codo PVC,6,2375.53
22/10/2025,Cal hidratada,97,2005.34
22/10/2025,Cal hidratada,73,2005.34
23/10/2025,Cemento gris,24,1905.18
23/10/2025,Ganchos de pared,52,337.56
24/10/2025,Rodillo para pintura,69,966.21
24/10/2025,Cinta aislante,42,1321.73
24/10/2025,Llave allen,98,567.73
25/10/2025,Cinta métrica,54,649.2
25/10/2025,Tornillos para metal,74,113.7
25/10/2025,Tornillos para madera,11,94.26
26/10/2025,Conectores eléctricos,78,1842.62
26/10/2025,Malla ciclónica,16,2155.37
26/10/2025,Extensión eléctrica,44,1548.78
27/10/2025,Cable de cobre calibre 12,31,1782.49
27/10/2025,Conectores eléctricos,37,1842.62
28/10/2025,Arena fina,82,1983.01
28/10/2025,Interruptor termomagnético,17,1898.23
28/10/2025,Extensión eléctrica,67,1548.78
29/10/2025,Grapas metálicas,37,401.56
29/10/2025,Arandelas,29,266.09
29/10/2025,Remaches,96,405.92
30/10/2025,Tuercas,5,304.35
30/10/2025,Desarmador de cruz,57,535.8
31/10/2025,Arena fina,4,1983.01
31/10/2025,Focos LED,97,1455.18
31/10/2025,Cinta métrica,97,649.2
01/11/2025,Silicón sellador,48,1126.67
01/11/2025,Llave inglesa,48,540.94
01/11/2025,Cutter,47,824.47
02/11/2025,Espátula metálica,9,1201.86
02/11/2025,Arandelas,95,266.09
02/11/2025,Pijas,10,322.86
03/11/2025,Tornillos para metal,87,113.7
03/11/2025,Cemento gris,90,1905.18
04/11/2025,Brocha de 2 pulgadas,42,960.72
04/11/2025,Cutter,9,824.47
04/11/2025,Desarmador de cruz,83,535.8
05/11/2025,Grapas metálicas,69,401.56
05/11/2025,Cable de cobre calibre 12,16,1782.49
05/11/2025,Pinzas universales,33,631.38
06/11/2025,Pegamento para PVC,80,2436.96
06/11/2025,Rodillo para pintura,20,966.21
06/11/2025,Tubo PVC de ½ pulgada,86,2202.06
07/11/2025,Llave allen,94,567.73
07/11/2025,Tubo PVC de ½ pulgada,28,2202.06
08/11/2025,Toma corriente doble,13,1885.53
08/11/2025,Silicón sellador,33,1126.67
08/11/2025,Pinzas universales,47,631.38
09/11/2025,Extensión eléctrica,51,1548.78
09/11/2025,Pintura vinílica blanca,76,2476.62
09/11/2025,Desarmador plano,49,534.85
10/11/2025,Cemento gris,68,1905.18
10/11/2025,Llave inglesa,38,540.94
10/11/2025,Cable de cobre calibre 12,48,1782.49
11/11/2025,Serrucho,20,591.25
11/11/2025,Multicontacto,36,1732.15
12/11/2025,Cinta métrica,85,649.2
12/11/2025,Cepillo de alambre,92,847.24
12/11/2025,Fusible,52,1892.7
13/11/2025,Yeso,16,2060.65
13/11/2025,Pijas,20,322.86
13/11/2025,Trapo industrial,51,1277.03
14/11/2025,Arena fina,91,1983.01
14/11/2025,Codo PVC,94,2375.53
14/11/2025,Remaches,2,405.92
15/11/2025,Varilla de acero,27,2071.19
15/11/2025,Taquetes,89,232.55
16/11/2025,Cutter,72,824.47
16/11/2025,Tubo PVC de ½ pulgada,11,2202.06
16/11/2025,Conectores eléctricos,93,1842.62
17/11/2025,Llave inglesa,73,540.94
17/11/2025,Codo PVC,28,2375.53
17/11/2025,Clavos de acero,51,120.12
18/11/2025,Cal hidratada,49,2005.34
18/11/2025,Yeso,62,2060.65
19/11/2025,Extensión eléctrica,53,1548.78
19/11/2025,Thinner,73,1185.84
19/11/2025,Ganchos de pared,87,337.56
20/11/2025,Espátula metálica,20,1201.86
20/11/2025,Cal hidratada,85,2005.34
20/11/2025,Pegamento para PVC,23,2436.96
21/11/2025,Grapas metálicas,23,401.56
21/11/2025,Pinzas universales,20,631.38
21/11/2025,Tornillos para metal,72,113.7
22/11/2025,Cinta masking,24,1062.02
22/11/2025,Cutter,43,824.47
23/11/2025,Arandelas,7,266.09
23/11/2025,Codo PVC,99,2375.53
23/11/2025,Cepillo de alambre,64,847.24
24/11/2025,Multicontacto,70,1732.15
24/11/2025,Taquetes,44,232.55
24/11/2025,Cinta métrica,40,649.2
25/11/2025,Tubo PVC de ½ pulgada,86,2202.06
25/11/2025,Martillo,12,424.97
25/11/2025,Pintura vinílica blanca,89,2476.62
26/11/2025,Silicón sellador,10,1126.67
26/11/2025,Arena fina,20,1983.01
27/11/2025,Interruptor termomagnético,61,1898.23
27/11/2025,Llave allen,30,567.73
27/11/2025,Multicontacto,74,1732.15
28/11/2025,Apagadores,30,1488.6
28/11/2025,Remaches,66,405.92
28/11/2025,Pinzas universales,32,631.38
29/11/2025,Varilla de acero,26,2071.19
29/11/2025,Rodillo para pintura,79,966.21
29/11/2025,Malla ciclónica,38,2155.37
30/11/2025,Extensión eléctrica,20,1548.78
30/11/2025,Desarmador de cruz,16,535.8
01/12/2025,Grapas metálicas,16,401.56
01/12/2025,Pintura vinílica blanca,81,2476.62
01/12/2025,Taquetes,72,232.55
02/12/2025,Pintura vinílica blanca,20,2476.62
02/12/2025,Interruptor termomagnético,44,1898.23
02/12/2025,Martillo,9,424.97
03/12/2025,Focos LED,11,1455.18
03/12/2025,Cutter,31,824.47
03/12/2025,Ganchos de pared,67,337.56
04/12/2025,Extensión eléctrica,15,1548.78
04/12/2025,Arandelas,94,266.09
05/12/2025,Clavos de acero,47,120.12
05/12/2025,Extensión eléctrica,49,1548.78
05/12/2025,Llave allen,85,567.73
06/12/2025,Cemento gris,18,1905.18
06/12/2025,Cutter,44,824.47
06/12/2025,Extensión eléctrica,62,1548.78
07/12/2025,Cinta aislante,56,1321.73
07/12/2025,Tornillos para madera,67,94.26
07/12/2025,Multicontacto,97,1732.15
08/12/2025,Focos LED,69,1455.18
08/12/2025,Brocha de 2 pulgadas,16,960.72
09/12/2025,Espátula metálica,9,1201.86
09/12/2025,Silicón sellador,48,1126.67
09/12/2025,Trapo industrial,30,1277.03
10/12/2025,Arandelas,29,266.09
10/12/2025,Varilla de acero,48,2071.19
10/12/2025,Cable de cobre calibre 12,21,1782.49
11/12/2025,Lija para madera,80,1054.33
11/12/2025,Focos LED,3,1455.18
12/12/2025,Martillo,97,424.97
12/12/2025,Silicón sellador,35,1126.67
12/12/2025,Tubo PVC de ½ pulgada,6,2202.06
13/12/2025,Focos LED,20,1455.18
13/12/2025,Cal hidratada,74,2005.34
13/12/2025,Taquetes,20,232.55
14/12/2025,Multicontacto,49,1732.15
14/12/2025,Martillo,73,424.97
14/12/2025,Pegamento para PVC,91,2436.96
15/12/2025,Apagadores,54,1488.6
15/12/2025,Cinta métrica,66,649.2
16/12/2025,Conectores eléctricos,82,1842.62
16/12/2025,Arena fina,10,1983.01
16/12/2025,Cinta aislante,85,1321.73
17/12/2025,Llave inglesa,87,540.94
17/12/2025,Grapas metálicas,98,401.56
17/12/2025,Martillo,10,424.97
18/12/2025,Interruptor termomagnético,91,1898.23
18/12/2025,Toma corriente doble,81,1885.53
18/12/2025,Remaches,41,405.92
19/12/2025,Cubeta plástica de 19 L,29,1267.7
19/12/2025,Varilla de acero,6,2071.19
20/12/2025,Interruptor termomagnético,31,1898.23
20/12/2025,Varilla de acero,99,2071.19
20/12/2025,Conectores eléctricos,63,1842.62
21/12/2025,Toma corriente doble,40,1885.53
21/12/2025,Pegamento para PVC,49,2436.96
21/12/2025,Desarmador de cruz,55,535.8
22/12/2025,Pintura vinílica blanca,24,2476.62
22/12/2025,Desarmador de cruz,10,535.8
22/12/2025,Cinta masking,89,1062.02
23/12/2025,Cemento gris,60,1905.18
23/12/2025,Espátula metálica,78,1201.86
24/12/2025,Taquetes,94,232.55
24/12/2025,Trapo industrial,84,1277.03
24/12/2025,Pegamento para PVC,73,2436.96
25/12/2025,Guantes de látex,96,1221.16
25/12/2025,Cal hidratada,76,2005.34
25/12/2025,Taquetes,7,232.55
26/12/2025,Thinner,38,1185.84
26/12/2025,Tuercas,55,304.35
26/12/2025,Pintura vinílica blanca,82,2476.62
27/12/2025,Tornillos para metal,78,113.7
27/12/2025,Cepillo de alambre,27,847.24
28/12/2025,Fusible,85,1892.7
28/12/2025,Rodillo para pintura,24,966.21
28/12/2025,Rodillo para pintura,74,966.21
29/12/2025,Llave allen,16,567.73
29/12/2025,Cemento gris,54,1905.18
29/12/2025,Llave inglesa,34,540.94
30/12/2025,Interruptor termomagnético,57,1898.23
30/12/2025,Lija para madera,14,1054.33
31/12/2025,Arena fina,66,1983.01
